row,url,skip_reason
10,"https://app.pestpac.com/leads/detail.asp?Mode=Edit&SalesOppID=45225&StatusType=","After 2 retries: Selector 'button[name='butReOpen']' not found in any frame after 30000ms"
24,"https://app.pestpac.com/leads/detail.asp?Mode=Edit&SalesOppID=49880&StatusType=","After 2 retries: Selector 'button[name='butReOpen']' not found in any frame after 30000ms"
25,"https://app.pestpac.com/leads/detail.asp?Mode=Edit&SalesOppID=57807&StatusType=","After 2 retries: Selector 'button[name='butReOpen']' not found in any frame after 30000ms"
26,"https://app.pestpac.com/leads/detail.asp?Mode=Edit&SalesOppID=57808&StatusType=","After 2 retries: Selector 'button[name='butReOpen']' not found in any frame after 30000ms"
27,"https://app.pestpac.com/leads/detail.asp?Mode=Edit&SalesOppID=57814&StatusType=","After 2 retries: Selector 'button[name='butReOpen']' not found in any frame after 30000ms"
29,"https://app.pestpac.com/leads/detail.asp?Mode=Edit&SalesOppID=44596&StatusType=","After 2 retries: Selector 'button[name='butReOpen']' not found in any frame after 30000ms"
31,"https://app.pestpac.com/leads/detail.asp?Mode=Edit&SalesOppID=44949&StatusType=","After 2 retries: Selector 'button[name='butReOpen']' not found in any frame after 30000ms"
45,"https://app.pestpac.com/leads/detail.asp?Mode=Edit&SalesOppID=47161&StatusType=","After 2 retries: Selector 'button[name='butReOpen']' not found in any frame after 30000ms"
101,"https://app.pestpac.com/leads/detail.asp?Mode=Edit&SalesOppID=48395&StatusType=","After 2 retries: Selector 'button[name='butReOpen']' not found in any frame after 30000ms"
102,"https://app.pestpac.com/leads/detail.asp?Mode=Edit&SalesOppID=48768&StatusType=","After 2 retries: Selector 'button[name='butReOpen']' not found in any frame after 30000ms"
131,"https://app.pestpac.com/leads/detail.asp?Mode=Edit&SalesOppID=52890&StatusType=","After 2 retries: Selector 'button[name='butReOpen']' not found in any frame after 30000ms"
132,"https://app.pestpac.com/leads/detail.asp?Mode=Edit&SalesOppID=52948&StatusType=","After 2 retries: Selector 'button[name='butReOpen']' not found in any frame after 30000ms"
133,"https://app.pestpac.com/leads/detail.asp?Mode=Edit&SalesOppID=52955&StatusType=","After 2 retries: Selector 'button[name='butReOpen']' not found in any frame after 30000ms"
134,"https://app.pestpac.com/leads/detail.asp?Mode=Edit&SalesOppID=77277&StatusType=","After 2 retries: Selector 'button[name='butReOpen']' not found in any frame after 30000ms"
135,"https://app.pestpac.com/leads/detail.asp?Mode=Edit&SalesOppID=77284&StatusType=","After 2 retries: Selector 'button[name='butReOpen']' not found in any frame after 30000ms"
136,"https://app.pestpac.com/leads/detail.asp?Mode=Edit&SalesOppID=77329&StatusType=","After 2 retries: Selector 'button[name='butReOpen']' not found in any frame after 30000ms"
137,"https://app.pestpac.com/leads/detail.asp?Mode=Edit&SalesOppID=76830&StatusType=","After 2 retries: Selector 'button[name='butReOpen']' not found in any frame after 30000ms"
138,"https://app.pestpac.com/leads/detail.asp?Mode=Edit&SalesOppID=76837&StatusType=","After 2 retries: Selector 'button[name='butReOpen']' not found in any frame after 30000ms"
139,"https://app.pestpac.com/leads/detail.asp?Mode=Edit&SalesOppID=56343&StatusType=","After 2 retries: Selector 'button[name='butReOpen']' not found in any frame after 30000ms"
151,"https://app.pestpac.com/leads/detail.asp?Mode=Edit&SalesOppID=43428&StatusType=","After 2 retries: Selector 'button[name='butReOpen']' not found in any frame after 30000ms"
152,"https://app.pestpac.com/leads/detail.asp?Mode=Edit&SalesOppID=43437&StatusType=","After 2 retries: Selector 'button[name='butReOpen']' not found in any frame after 30000ms"
153,"https://app.pestpac.com/leads/detail.asp?Mode=Edit&SalesOppID=43439&StatusType=","After 2 retries: Selector 'button[name='butReOpen']' not found in any frame after 30000ms"
154,"https://app.pestpac.com/leads/detail.asp?Mode=Edit&SalesOppID=78213&StatusType=","After 2 retries: Selector 'button[name='butReOpen']' not found in any frame after 30000ms"
155,"https://app.pestpac.com/leads/detail.asp?Mode=Edit&SalesOppID=78228&StatusType=","After 2 retries: Selector 'button[name='butReOpen']' not found in any frame after 30000ms"
156,"https://app.pestpac.com/leads/detail.asp?Mode=Edit&SalesOppID=78283&StatusType=","After 2 retries: Selector 'button[name='butReOpen']' not found in any frame after 30000ms"
171,"https://app.pestpac.com/leads/detail.asp?Mode=Edit&SalesOppID=74929&StatusType=","After 2 retries: Selector 'button[name='butReOpen']' not found in any frame after 30000ms"
172,"https://app.pestpac.com/leads/detail.asp?Mode=Edit&SalesOppID=77901&StatusType=","After 2 retries: Selector 'button[name='butReOpen']' not found in any frame after 30000ms"
221,"https://app.pestpac.com/leads/detail.asp?Mode=Edit&SalesOppID=44119&StatusType=","After 2 retries: Selector 'button[name='butReOpen']' not found in any frame after 30000ms"
320,"https://app.pestpac.com/leads/detail.asp?Mode=Edit&SalesOppID=50351&StatusType=","After 2 retries: Selector 'button[name='butReOpen']' not found in any frame after 30000ms"
406,"https://app.pestpac.com/leads/detail.asp?Mode=Edit&SalesOppID=42912&StatusType=","After 2 retries: Selector 'button[name='butReOpen']' not found in any frame after 30000ms"
501,"https://app.pestpac.com/leads/detail.asp?Mode=Edit&SalesOppID=7960&StatusType=","After 2 retries: Selector 'button[name='butReOpen']' not found in any frame after 30000ms"
502,"https://app.pestpac.com/leads/detail.asp?Mode=Edit&SalesOppID=8182&StatusType=","After 2 retries: Selector 'button[name='butReOpen']' not found in any frame after 30000ms"
507,"https://app.pestpac.com/leads/detail.asp?Mode=Edit&SalesOppID=8536&StatusType=","After 2 retries: Selector 'button[name='butReOpen']' not found in any frame after 30000ms"
668,"https://app.pestpac.com/leads/detail.asp?Mode=Edit&SalesOppID=26394&StatusType=","After 2 retries: Selector 'button[name='butReOpen']' not found in any frame after 30000ms"
729,"https://app.pestpac.com/leads/detail.asp?Mode=Edit&SalesOppID=30809&StatusType=","After 2 retries: Selector 'button[name='butReOpen']' not found in any frame after 30000ms"
730,"https://app.pestpac.com/leads/detail.asp?Mode=Edit&SalesOppID=31098&StatusType=","After 2 retries: Selector 'button[name='butReOpen']' not found in any frame after 30000ms"
847,"https://app.pestpac.com/leads/detail.asp?Mode=Edit&SalesOppID=433&StatusType=","After 2 retries: Selector 'button[name='butReOpen']' not found in any frame after 30000ms"
870,"https://app.pestpac.com/leads/detail.asp?Mode=Edit&SalesOppID=52507&StatusType=","After 2 retries: Selector 'button[name='butReOpen']' not found in any frame after 30000ms"
921,"https://app.pestpac.com/leads/detail.asp?Mode=Edit&SalesOppID=108497&StatusType=","After 2 retries: locator.click: Timeout 30000ms exceeded.
Call log:
[2m  - waiting for locator('button[name='butReOpen'"
926,"https://app.pestpac.com/leads/detail.asp?Mode=Edit&SalesOppID=61801&StatusType=","After 2 retries: Selector 'button[name='butReOpen']' not found in any frame after 30000ms"
927,"https://app.pestpac.com/leads/detail.asp?Mode=Edit&SalesOppID=62061&StatusType=","After 2 retries: Selector 'button[name='butReOpen']' not found in any frame after 30000ms"
928,"https://app.pestpac.com/leads/detail.asp?Mode=Edit&SalesOppID=62063&StatusType=","After 2 retries: Selector 'button[name='butReOpen']' not found in any frame after 30000ms"
929,"https://app.pestpac.com/leads/detail.asp?Mode=Edit&SalesOppID=62586&StatusType=","After 2 retries: Selector 'button[name='butReOpen']' not found in any frame after 30000ms"
931,"https://app.pestpac.com/leads/detail.asp?Mode=Edit&SalesOppID=62585&StatusType=","After 2 retries: locator.click: Timeout 30000ms exceeded.
Call log:
[2m  - waiting for locator('button[name='butReOpen'"
932,"https://app.pestpac.com/leads/detail.asp?Mode=Edit&SalesOppID=62201&StatusType=","After 2 retries: Selector 'button[name='butReOpen']' not found in any frame after 30000ms"
934,"https://app.pestpac.com/leads/detail.asp?Mode=Edit&SalesOppID=62656&StatusType=","After 2 retries: Selector 'button[name='butReOpen']' not found in any frame after 30000ms"
935,"https://app.pestpac.com/leads/detail.asp?Mode=Edit&SalesOppID=62678&StatusType=","After 2 retries: Selector 'button[name='butReOpen']' not found in any frame after 30000ms"
936,"https://app.pestpac.com/leads/detail.asp?Mode=Edit&SalesOppID=62681&StatusType=","After 2 retries: Selector 'button[name='butReOpen']' not found in any frame after 30000ms"
937,"https://app.pestpac.com/leads/detail.asp?Mode=Edit&SalesOppID=64960&StatusType=","After 2 retries: Selector 'button[name='butReOpen']' not found in any frame after 30000ms"
938,"https://app.pestpac.com/leads/detail.asp?Mode=Edit&SalesOppID=64991&StatusType=","After 2 retries: Selector 'button[name='butReOpen']' not found in any frame after 30000ms"
951,"https://app.pestpac.com/leads/detail.asp?Mode=Edit&SalesOppID=65530&StatusType=","After 2 retries: Selector 'button[name='butReOpen']' not found in any frame after 30000ms"
952,"https://app.pestpac.com/leads/detail.asp?Mode=Edit&SalesOppID=65546&StatusType=","After 2 retries: Selector 'button[name='butReOpen']' not found in any frame after 30000ms"
953,"https://app.pestpac.com/leads/detail.asp?Mode=Edit&SalesOppID=69975&StatusType=","After 2 retries: Selector 'button[name='butReOpen']' not found in any frame after 30000ms"
954,"https://app.pestpac.com/leads/detail.asp?Mode=Edit&SalesOppID=69987&StatusType=","After 2 retries: Selector 'button[name='butReOpen']' not found in any frame after 30000ms"
955,"https://app.pestpac.com/leads/detail.asp?Mode=Edit&SalesOppID=70009&StatusType=","After 2 retries: Selector 'button[name='butReOpen']' not found in any frame after 30000ms"
981,"https://app.pestpac.com/leads/detail.asp?Mode=Edit&SalesOppID=67115&StatusType=","After 2 retries: Selector 'button[name='butReOpen']' not found in any frame after 30000ms"
983,"https://app.pestpac.com/leads/detail.asp?Mode=Edit&SalesOppID=67146&StatusType=","After 2 retries: Selector 'button[name='butReOpen']' not found in any frame after 30000ms"
988,"https://app.pestpac.com/leads/detail.asp?Mode=Edit&SalesOppID=63924&StatusType=","After 2 retries: Selector 'button[name='butReOpen']' not found in any frame after 30000ms"
1001,"https://app.pestpac.com/leads/detail.asp?Mode=Edit&SalesOppID=65843&StatusType=","After 2 retries: Selector 'button[name='butReOpen']' not found in any frame after 30000ms"
1003,"https://app.pestpac.com/leads/detail.asp?Mode=Edit&SalesOppID=65689&StatusType=","After 2 retries: Selector 'button[name='butReOpen']' not found in any frame after 30000ms"
1006,"https://app.pestpac.com/leads/detail.asp?Mode=Edit&SalesOppID=65724&StatusType=","After 2 retries: Selector 'button[name='butReOpen']' not found in any frame after 30000ms"
1008,"https://app.pestpac.com/leads/detail.asp?Mode=Edit&SalesOppID=67647&StatusType=","After 2 retries: Selector 'button[name='butReOpen']' not found in any frame after 30000ms"
1010,"https://app.pestpac.com/leads/detail.asp?Mode=Edit&SalesOppID=67683&StatusType=","After 2 retries: Selector 'button[name='butReOpen']' not found in any frame after 30000ms"
1022,"https://app.pestpac.com/leads/detail.asp?Mode=Edit&SalesOppID=70445&StatusType=","After 2 retries: Selector 'button[name='butReOpen']' not found in any frame after 30000ms"
1142,"https://app.pestpac.com/leads/detail.asp?Mode=Edit&SalesOppID=70626&StatusType=","After 2 retries: Selector 'button[name='butReOpen']' not found in any frame after 30000ms"
1144,"https://app.pestpac.com/leads/detail.asp?Mode=Edit&SalesOppID=70642&StatusType=","After 2 retries: Selector 'button[name='butReOpen']' not found in any frame after 30000ms"
1145,"https://app.pestpac.com/leads/detail.asp?Mode=Edit&SalesOppID=71342&StatusType=","After 2 retries: Selector 'button[name='butReOpen']' not found in any frame after 30000ms"
1146,"https://app.pestpac.com/leads/detail.asp?Mode=Edit&SalesOppID=71463&StatusType=","After 2 retries: Selector 'button[name='butReOpen']' not found in any frame after 30000ms"
1147,"https://app.pestpac.com/leads/detail.asp?Mode=Edit&SalesOppID=71478&StatusType=","After 2 retries: Selector 'button[name='butReOpen']' not found in any frame after 30000ms"
1148,"https://app.pestpac.com/leads/detail.asp?Mode=Edit&SalesOppID=71487&StatusType=","After 2 retries: Selector 'button[name='butReOpen']' not found in any frame after 30000ms"
1149,"https://app.pestpac.com/leads/detail.asp?Mode=Edit&SalesOppID=71508&StatusType=","After 2 retries: Selector 'button[name='butReOpen']' not found in any frame after 30000ms"
1150,"https://app.pestpac.com/leads/detail.asp?Mode=Edit&SalesOppID=71509&StatusType=","After 2 retries: Selector 'button[name='butReOpen']' not found in any frame after 30000ms"
1204,"https://app.pestpac.com/leads/detail.asp?Mode=Edit&SalesOppID=71805&StatusType=","After 2 retries: Selector 'button[name='butReOpen']' not found in any frame after 30000ms"
1207,"https://app.pestpac.com/leads/detail.asp?Mode=Edit&SalesOppID=72419&StatusType=","After 2 retries: Selector 'button[name='butReOpen']' not found in any frame after 30000ms"
1241,"https://app.pestpac.com/leads/detail.asp?Mode=Edit&SalesOppID=75871&StatusType=","After 2 retries: Selector 'button[name='butReOpen']' not found in any frame after 30000ms"
1242,"https://app.pestpac.com/leads/detail.asp?Mode=Edit&SalesOppID=75881&StatusType=","After 2 retries: Selector 'button[name='butReOpen']' not found in any frame after 30000ms"
1243,"https://app.pestpac.com/leads/detail.asp?Mode=Edit&SalesOppID=75884&StatusType=","After 2 retries: Selector 'button[name='butReOpen']' not found in any frame after 30000ms"
1244,"https://app.pestpac.com/leads/detail.asp?Mode=Edit&SalesOppID=74208&StatusType=","After 2 retries: Selector 'button[name='butReOpen']' not found in any frame after 30000ms"
1245,"https://app.pestpac.com/leads/detail.asp?Mode=Edit&SalesOppID=74490&StatusType=","After 2 retries: Selector 'button[name='butReOpen']' not found in any frame after 30000ms"
1246,"https://app.pestpac.com/leads/detail.asp?Mode=Edit&SalesOppID=74561&StatusType=","After 2 retries: Selector 'button[name='butReOpen']' not found in any frame after 30000ms"
1251,"https://app.pestpac.com/leads/detail.asp?Mode=Edit&SalesOppID=74625&StatusType=","After 2 retries: Selector 'button[name='butReOpen']' not found in any frame after 30000ms"
1252,"https://app.pestpac.com/leads/detail.asp?Mode=Edit&SalesOppID=73712&StatusType=","After 2 retries: Selector 'button[name='butReOpen']' not found in any frame after 30000ms"
1253,"https://app.pestpac.com/leads/detail.asp?Mode=Edit&SalesOppID=73721&StatusType=","After 2 retries: Selector 'button[name='butReOpen']' not found in any frame after 30000ms"
1254,"https://app.pestpac.com/leads/detail.asp?Mode=Edit&SalesOppID=73741&StatusType=","After 2 retries: Selector 'button[name='butReOpen']' not found in any frame after 30000ms"
1255,"https://app.pestpac.com/leads/detail.asp?Mode=Edit&SalesOppID=73765&StatusType=","After 2 retries: Selector 'button[name='butReOpen']' not found in any frame after 30000ms"
1256,"https://app.pestpac.com/leads/detail.asp?Mode=Edit&SalesOppID=73767&StatusType=","After 2 retries: Selector 'button[name='butReOpen']' not found in any frame after 30000ms"
1257,"https://app.pestpac.com/leads/detail.asp?Mode=Edit&SalesOppID=73797&StatusType=","After 2 retries: Selector 'button[name='butReOpen']' not found in any frame after 30000ms"
1258,"https://app.pestpac.com/leads/detail.asp?Mode=Edit&SalesOppID=73799&StatusType=","After 2 retries: Selector 'button[name='butReOpen']' not found in any frame after 30000ms"
1259,"https://app.pestpac.com/leads/detail.asp?Mode=Edit&SalesOppID=73808&StatusType=","After 2 retries: Selector 'button[name='butReOpen']' not found in any frame after 30000ms"
1260,"https://app.pestpac.com/leads/detail.asp?Mode=Edit&SalesOppID=75822&StatusType=","After 2 retries: Selector 'button[name='butReOpen']' not found in any frame after 30000ms"
1262,"https://app.pestpac.com/leads/detail.asp?Mode=Edit&SalesOppID=75454&StatusType=","After 2 retries: Selector 'button[name='butReOpen']' not found in any frame after 30000ms"
1264,"https://app.pestpac.com/leads/detail.asp?Mode=Edit&SalesOppID=75505&StatusType=","After 2 retries: Selector 'button[name='butReOpen']' not found in any frame after 30000ms"
1266,"https://app.pestpac.com/leads/detail.asp?Mode=Edit&SalesOppID=74129&StatusType=","After 2 retries: Selector 'button[name='butReOpen']' not found in any frame after 30000ms"
1272,"https://app.pestpac.com/leads/detail.asp?Mode=Edit&SalesOppID=74420&StatusType=","After 2 retries: Selector 'button[name='butReOpen']' not found in any frame after 30000ms"
1276,"https://app.pestpac.com/leads/detail.asp?Mode=Edit&SalesOppID=74939&StatusType=","After 2 retries: locator.click: Timeout 30000ms exceeded.
Call log:
[2m  - waiting for locator('button[name='butReOpen'"
1278,"https://app.pestpac.com/leads/detail.asp?Mode=Edit&SalesOppID=74941&StatusType=","After 2 retries: Selector 'button[name='butReOpen']' not found in any frame after 30000ms"
1281,"https://app.pestpac.com/leads/detail.asp?Mode=Edit&SalesOppID=75675&StatusType=","After 2 retries: Selector 'button[name='butReOpen']' not found in any frame after 30000ms"
1282,"https://app.pestpac.com/leads/detail.asp?Mode=Edit&SalesOppID=76409&StatusType=","After 2 retries: Selector 'button[name='butReOpen']' not found in any frame after 30000ms"
1284,"https://app.pestpac.com/leads/detail.asp?Mode=Edit&SalesOppID=76437&StatusType=","After 2 retries: Selector 'button[name='butReOpen']' not found in any frame after 30000ms"
1286,"https://app.pestpac.com/leads/detail.asp?Mode=Edit&SalesOppID=76568&StatusType=","After 2 retries: Selector 'button[name='butReOpen']' not found in any frame after 30000ms"
1413,"https://app.pestpac.com/leads/detail.asp?Mode=Edit&SalesOppID=104430&StatusType=","After 2 retries: Selector 'button[name='butReOpen']' not found in any frame after 30000ms"
1416,"https://app.pestpac.com/leads/detail.asp?Mode=Edit&SalesOppID=104506&StatusType=","After 2 retries: Selector 'button[name='butReOpen']' not found in any frame after 30000ms"
1461,"https://app.pestpac.com/leads/detail.asp?Mode=Edit&SalesOppID=94172&StatusType=","After 2 retries: Selector 'button[name='butReOpen']' not found in any frame after 30000ms"
1579,"https://app.pestpac.com/leads/detail.asp?Mode=Edit&SalesOppID=104489&StatusType=","After 2 retries: Selector 'button[name='butReOpen']' not found in any frame after 30000ms"
1632,"https://app.pestpac.com/leads/detail.asp?Mode=Edit&SalesOppID=104120&StatusType=","After 2 retries: Selector 'button[name='butReOpen']' not found in any frame after 30000ms"
1745,"https://app.pestpac.com/leads/detail.asp?Mode=Edit&SalesOppID=94791&StatusType=","After 2 retries: Selector 'button[name='butReOpen']' not found in any frame after 30000ms"
1746,"https://app.pestpac.com/leads/detail.asp?Mode=Edit&SalesOppID=94794&StatusType=","After 2 retries: Selector 'button[name='butReOpen']' not found in any frame after 30000ms"
1750,"https://app.pestpac.com/leads/detail.asp?Mode=Edit&SalesOppID=92896&StatusType=","After 2 retries: Selector 'button[name='butReOpen']' not found in any frame after 30000ms"
1782,"https://app.pestpac.com/leads/detail.asp?Mode=Edit&SalesOppID=78486&StatusType=","After 2 retries: Selector 'button[name='butReOpen']' not found in any frame after 30000ms"
1790,"https://app.pestpac.com/leads/detail.asp?Mode=Edit&SalesOppID=76350&StatusType=","After 2 retries: Selector 'button[name='butReOpen']' not found in any frame after 30000ms"
1805,"https://app.pestpac.com/leads/detail.asp?Mode=Edit&SalesOppID=78364&StatusType=","After 2 retries: Selector 'button[name='butReOpen']' not found in any frame after 30000ms"
1843,"https://app.pestpac.com/leads/detail.asp?Mode=Edit&SalesOppID=76927&StatusType=","After 2 retries: Selector 'button[name='butReOpen']' not found in any frame after 30000ms"
1844,"https://app.pestpac.com/leads/detail.asp?Mode=Edit&SalesOppID=78003&StatusType=","After 2 retries: Selector 'button[name='butReOpen']' not found in any frame after 30000ms"
1895,"https://app.pestpac.com/leads/detail.asp?Mode=Edit&SalesOppID=74058&StatusType=","After 2 retries: Selector 'button[name='butReOpen']' not found in any frame after 30000ms"
1896,"https://app.pestpac.com/leads/detail.asp?Mode=Edit&SalesOppID=74063&StatusType=","After 2 retries: Selector 'button[name='butReOpen']' not found in any frame after 30000ms"
1898,"https://app.pestpac.com/leads/detail.asp?Mode=Edit&SalesOppID=74469&StatusType=","After 2 retries: Selector 'button[name='butReOpen']' not found in any frame after 30000ms"
1932,"https://app.pestpac.com/leads/detail.asp?Mode=Edit&SalesOppID=73739&StatusType=","After 2 retries: Selector 'button[name='butReOpen']' not found in any frame after 30000ms"
1933,"https://app.pestpac.com/leads/detail.asp?Mode=Edit&SalesOppID=73710&StatusType=","After 2 retries: Selector 'button[name='butReOpen']' not found in any frame after 30000ms"
1955,"https://app.pestpac.com/leads/detail.asp?Mode=Edit&SalesOppID=74531&StatusType=","After 2 retries: Selector 'button[name='butReOpen']' not found in any frame after 30000ms"
1956,"https://app.pestpac.com/leads/detail.asp?Mode=Edit&SalesOppID=74543&StatusType=","After 2 retries: Selector 'button[name='butReOpen']' not found in any frame after 30000ms"
1959,"https://app.pestpac.com/leads/detail.asp?Mode=Edit&SalesOppID=74247&StatusType=","After 2 retries: Selector 'button[name='butReOpen']' not found in any frame after 30000ms"
2053,"https://app.pestpac.com/leads/detail.asp?Mode=Edit&SalesOppID=72692&StatusType=","After 2 retries: Selector 'button[name='butReOpen']' not found in any frame after 30000ms"
2094,"https://app.pestpac.com/leads/detail.asp?Mode=Edit&SalesOppID=72827&StatusType=","After 2 retries: Selector 'button[name='butReOpen']' not found in any frame after 30000ms"
2126,"https://app.pestpac.com/leads/detail.asp?Mode=Edit&SalesOppID=71706&StatusType=","After 2 retries: Selector 'button[name='butReOpen']' not found in any frame after 30000ms"
2127,"https://app.pestpac.com/leads/detail.asp?Mode=Edit&SalesOppID=71663&StatusType=","After 2 retries: Selector 'button[name='butReOpen']' not found in any frame after 30000ms"
2241,"https://app.pestpac.com/leads/detail.asp?Mode=Edit&SalesOppID=71997&StatusType=","After 2 retries: Selector 'button[name='butReOpen']' not found in any frame after 30000ms"
2242,"https://app.pestpac.com/leads/detail.asp?Mode=Edit&SalesOppID=71978&StatusType=","After 2 retries: Selector 'button[name='butReOpen']' not found in any frame after 30000ms"
2243,"https://app.pestpac.com/leads/detail.asp?Mode=Edit&SalesOppID=71979&StatusType=","After 2 retries: Selector 'button[name='butReOpen']' not found in any frame after 30000ms"
2244,"https://app.pestpac.com/leads/detail.asp?Mode=Edit&SalesOppID=71936&StatusType=","After 2 retries: Selector 'button[name='butReOpen']' not found in any frame after 30000ms"
2245,"https://app.pestpac.com/leads/detail.asp?Mode=Edit&SalesOppID=72001&StatusType=","After 2 retries: Selector 'button[name='butReOpen']' not found in any frame after 30000ms"
2246,"https://app.pestpac.com/leads/detail.asp?Mode=Edit&SalesOppID=71968&StatusType=","After 2 retries: Selector 'button[name='butReOpen']' not found in any frame after 30000ms"
2247,"https://app.pestpac.com/leads/detail.asp?Mode=Edit&SalesOppID=72331&StatusType=","After 2 retries: Selector 'button[name='butReOpen']' not found in any frame after 30000ms"
2248,"https://app.pestpac.com/leads/detail.asp?Mode=Edit&SalesOppID=72332&StatusType=","After 2 retries: Selector 'button[name='butReOpen']' not found in any frame after 30000ms"
2249,"https://app.pestpac.com/leads/detail.asp?Mode=Edit&SalesOppID=72327&StatusType=","After 2 retries: Selector 'button[name='butReOpen']' not found in any frame after 30000ms"
2250,"https://app.pestpac.com/leads/detail.asp?Mode=Edit&SalesOppID=72334&StatusType=","After 2 retries: Selector 'button[name='butReOpen']' not found in any frame after 30000ms"
2252,"https://app.pestpac.com/leads/detail.asp?Mode=Edit&SalesOppID=72344&StatusType=","After 2 retries: Selector 'button[name='butReOpen']' not found in any frame after 30000ms"
2342,"https://app.pestpac.com/leads/detail.asp?Mode=Edit&SalesOppID=69279&StatusType=","After 2 retries: locator.click: Timeout 30000ms exceeded.
Call log:
[2m  - waiting for locator('button[name='butReOpen'"
2346,"https://app.pestpac.com/leads/detail.asp?Mode=Edit&SalesOppID=69240&StatusType=","After 2 retries: locator.click: Timeout 30000ms exceeded.
Call log:
[2m  - waiting for locator('button[name='butReOpen'"
2351,"https://app.pestpac.com/leads/detail.asp?Mode=Edit&SalesOppID=68821&StatusType=","After 2 retries: Selector 'button[name='butReOpen']' not found in any frame after 30000ms"
2352,"https://app.pestpac.com/leads/detail.asp?Mode=Edit&SalesOppID=68825&StatusType=","After 2 retries: Selector 'button[name='butReOpen']' not found in any frame after 30000ms"
2353,"https://app.pestpac.com/leads/detail.asp?Mode=Edit&SalesOppID=68829&StatusType=","After 2 retries: Selector 'button[name='butReOpen']' not found in any frame after 30000ms"
2359,"https://app.pestpac.com/leads/detail.asp?Mode=Edit&SalesOppID=69818&StatusType=","After 2 retries: Selector 'button[name='butReOpen']' not found in any frame after 30000ms"
2360,"https://app.pestpac.com/leads/detail.asp?Mode=Edit&SalesOppID=69831&StatusType=","After 2 retries: Selector 'button[name='butReOpen']' not found in any frame after 30000ms"
2373,"https://app.pestpac.com/leads/detail.asp?Mode=Edit&SalesOppID=68934&StatusType=","After 2 retries: Selector 'button[name='butReOpen']' not found in any frame after 30000ms"
2375,"https://app.pestpac.com/leads/detail.asp?Mode=Edit&SalesOppID=69761&StatusType=","After 2 retries: Selector 'button[name='butReOpen']' not found in any frame after 30000ms"
2602,"https://app.pestpac.com/leads/detail.asp?Mode=Edit&SalesOppID=68309&StatusType=","After 2 retries: Selector 'button[name='butReOpen']' not found in any frame after 30000ms"
2603,"https://app.pestpac.com/leads/detail.asp?Mode=Edit&SalesOppID=68314&StatusType=","After 2 retries: Selector 'button[name='butReOpen']' not found in any frame after 30000ms"
2604,"https://app.pestpac.com/leads/detail.asp?Mode=Edit&SalesOppID=66521&StatusType=","After 2 retries: Selector 'button[name='butReOpen']' not found in any frame after 30000ms"
2605,"https://app.pestpac.com/leads/detail.asp?Mode=Edit&SalesOppID=66531&StatusType=","After 2 retries: Selector 'button[name='butReOpen']' not found in any frame after 30000ms"
2607,"https://app.pestpac.com/leads/detail.asp?Mode=Edit&SalesOppID=66497&StatusType=","After 2 retries: Selector 'button[name='butReOpen']' not found in any frame after 30000ms"
2619,"https://app.pestpac.com/leads/detail.asp?Mode=Edit&SalesOppID=66617&StatusType=","After 2 retries: Selector 'button[name='butReOpen']' not found in any frame after 30000ms"
2656,"https://app.pestpac.com/leads/detail.asp?Mode=Edit&SalesOppID=65891&StatusType=","After 2 retries: Selector 'button[name='butReOpen']' not found in any frame after 30000ms"
2730,"https://app.pestpac.com/leads/detail.asp?Mode=Edit&SalesOppID=66789&StatusType=","After 2 retries: Selector 'button[name='butReOpen']' not found in any frame after 30000ms"
2756,"https://app.pestpac.com/leads/detail.asp?Mode=Edit&SalesOppID=66730&StatusType=","After 2 retries: Selector 'button[name='butReOpen']' not found in any frame after 30000ms"
2771,"https://app.pestpac.com/leads/detail.asp?Mode=Edit&SalesOppID=66117&StatusType=","After 2 retries: Selector 'button[name='butReOpen']' not found in any frame after 30000ms"
2883,"https://app.pestpac.com/leads/detail.asp?Mode=Edit&SalesOppID=66958&StatusType=","After 2 retries: Selector 'button[name='butReOpen']' not found in any frame after 30000ms"
3099,"https://app.pestpac.com/leads/detail.asp?Mode=Edit&SalesOppID=61937&StatusType=","After 2 retries: Selector 'button[name='butReOpen']' not found in any frame after 30000ms"
3137,"https://app.pestpac.com/leads/detail.asp?Mode=Edit&SalesOppID=62000&StatusType=","After 2 retries: Selector 'button[name='butReOpen']' not found in any frame after 30000ms"
3491,"https://app.pestpac.com/leads/detail.asp?Mode=Edit&SalesOppID=54818&StatusType=","After 2 retries: Selector 'button[name='butReOpen']' not found in any frame after 30000ms"
3492,"https://app.pestpac.com/leads/detail.asp?Mode=Edit&SalesOppID=54841&StatusType=","After 2 retries: Selector 'button[name='butReOpen']' not found in any frame after 30000ms"
3493,"https://app.pestpac.com/leads/detail.asp?Mode=Edit&SalesOppID=42270&StatusType=","After 2 retries: Selector 'button[name='butReOpen']' not found in any frame after 30000ms"
3494,"https://app.pestpac.com/leads/detail.asp?Mode=Edit&SalesOppID=42377&StatusType=","After 2 retries: Selector 'button[name='butReOpen']' not found in any frame after 30000ms"
3495,"https://app.pestpac.com/leads/detail.asp?Mode=Edit&SalesOppID=64217&StatusType=","After 2 retries: Selector 'button[name='butReOpen']' not found in any frame after 30000ms"
3496,"https://app.pestpac.com/leads/detail.asp?Mode=Edit&SalesOppID=64201&StatusType=","After 2 retries: Selector 'button[name='butReOpen']' not found in any frame after 30000ms"
3501,"https://app.pestpac.com/leads/detail.asp?Mode=Edit&SalesOppID=534&StatusType=","After 2 retries: Selector 'button[name='butReOpen']' not found in any frame after 30000ms"
3502,"https://app.pestpac.com/leads/detail.asp?Mode=Edit&SalesOppID=65021&StatusType=","After 2 retries: Selector 'button[name='butReOpen']' not found in any frame after 30000ms"
3503,"https://app.pestpac.com/leads/detail.asp?Mode=Edit&SalesOppID=65026&StatusType=","After 2 retries: Selector 'button[name='butReOpen']' not found in any frame after 30000ms"
3504,"https://app.pestpac.com/leads/detail.asp?Mode=Edit&SalesOppID=65054&StatusType=","After 2 retries: Selector 'button[name='butReOpen']' not found in any frame after 30000ms"
3505,"https://app.pestpac.com/leads/detail.asp?Mode=Edit&SalesOppID=65066&StatusType=","After 2 retries: Selector 'button[name='butReOpen']' not found in any frame after 30000ms"
3506,"https://app.pestpac.com/leads/detail.asp?Mode=Edit&SalesOppID=65070&StatusType=","After 2 retries: Selector 'button[name='butReOpen']' not found in any frame after 30000ms"
3507,"https://app.pestpac.com/leads/detail.asp?Mode=Edit&SalesOppID=65079&StatusType=","After 2 retries: Selector 'button[name='butReOpen']' not found in any frame after 30000ms"
3508,"https://app.pestpac.com/leads/detail.asp?Mode=Edit&SalesOppID=22941&StatusType=","After 2 retries: Selector 'button[name='butReOpen']' not found in any frame after 30000ms"
3509,"https://app.pestpac.com/leads/detail.asp?Mode=Edit&SalesOppID=23806&StatusType=","After 2 retries: Selector 'button[name='butReOpen']' not found in any frame after 30000ms"
3510,"https://app.pestpac.com/leads/detail.asp?Mode=Edit&SalesOppID=41799&StatusType=","After 2 retries: Selector 'button[name='butReOpen']' not found in any frame after 30000ms"
3511,"https://app.pestpac.com/leads/detail.asp?Mode=Edit&SalesOppID=41839&StatusType=","After 2 retries: Selector 'button[name='butReOpen']' not found in any frame after 30000ms"
3513,"https://app.pestpac.com/leads/detail.asp?Mode=Edit&SalesOppID=13262&StatusType=","After 2 retries: Selector 'button[name='butReOpen']' not found in any frame after 30000ms"
3516,"https://app.pestpac.com/leads/detail.asp?Mode=Edit&SalesOppID=41910&StatusType=","After 2 retries: Selector 'button[name='butReOpen']' not found in any frame after 30000ms"
3517,"https://app.pestpac.com/leads/detail.asp?Mode=Edit&SalesOppID=41728&StatusType=","After 2 retries: Selector 'button[name='butReOpen']' not found in any frame after 30000ms"
3520,"https://app.pestpac.com/leads/detail.asp?Mode=Edit&SalesOppID=41462&StatusType=","After 2 retries: Selector 'button[name='butReOpen']' not found in any frame after 30000ms"
3637,"https://app.pestpac.com/leads/detail.asp?Mode=Edit&SalesOppID=32509&StatusType=","After 2 retries: Selector 'button[name='butReOpen']' not found in any frame after 30000ms"
3640,"https://app.pestpac.com/leads/detail.asp?Mode=Edit&SalesOppID=32207&StatusType=","After 2 retries: Selector 'button[name='butReOpen']' not found in any frame after 30000ms"
3671,"https://app.pestpac.com/leads/detail.asp?Mode=Edit&SalesOppID=30379&StatusType=","After 2 retries: locator.click: Timeout 30000ms exceeded.
Call log:
[2m  - waiting for locator('button[name='butReOpen'"
3672,"https://app.pestpac.com/leads/detail.asp?Mode=Edit&SalesOppID=30389&StatusType=","After 2 retries: locator.click: Timeout 30000ms exceeded.
Call log:
[2m  - waiting for locator('button[name='butReOpen'"
3673,"https://app.pestpac.com/leads/detail.asp?Mode=Edit&SalesOppID=30448&StatusType=","After 2 retries: locator.click: Timeout 30000ms exceeded.
Call log:
[2m  - waiting for locator('button[name='butReOpen'"
3674,"https://app.pestpac.com/leads/detail.asp?Mode=Edit&SalesOppID=29962&StatusType=","After 2 retries: locator.click: Timeout 30000ms exceeded.
Call log:
[2m  - waiting for locator('button[name='butReOpen'"
3744,"https://app.pestpac.com/leads/detail.asp?Mode=Edit&SalesOppID=25792&StatusType=","After 2 retries: Selector 'button[name='butReOpen']' not found in any frame after 30000ms"
3784,"https://app.pestpac.com/leads/detail.asp?Mode=Edit&SalesOppID=23474&StatusType=","After 2 retries: Selector 'button[name='butReOpen']' not found in any frame after 30000ms"
3785,"https://app.pestpac.com/leads/detail.asp?Mode=Edit&SalesOppID=23490&StatusType=","After 2 retries: Selector 'button[name='butReOpen']' not found in any frame after 30000ms"
3788,"https://app.pestpac.com/leads/detail.asp?Mode=Edit&SalesOppID=23325&StatusType=","After 2 retries: Selector 'button[name='butReOpen']' not found in any frame after 30000ms"
3824,"https://app.pestpac.com/leads/detail.asp?Mode=Edit&SalesOppID=21176&StatusType=","After 2 retries: Selector 'button[name='butReOpen']' not found in any frame after 30000ms"
3884,"https://app.pestpac.com/leads/detail.asp?Mode=Edit&SalesOppID=16788&StatusType=","After 2 retries: Selector 'button[name='butReOpen']' not found in any frame after 30000ms"
3890,"https://app.pestpac.com/leads/detail.asp?Mode=Edit&SalesOppID=16230&StatusType=","After 2 retries: Selector 'button[name='butReOpen']' not found in any frame after 30000ms"
4062,"https://app.pestpac.com/leads/detail.asp?Mode=Edit&SalesOppID=5628&StatusType=","After 2 retries: Selector 'button[name='butReOpen']' not found in any frame after 30000ms"
4145,"https://app.pestpac.com/leads/detail.asp?Mode=Edit&SalesOppID=1529&StatusType=","After 2 retries: Selector 'button[name='butReOpen']' not found in any frame after 30000ms"
4195,"https://app.pestpac.com/leads/detail.asp?Mode=Edit&SalesOppID=42954&StatusType=","After 2 retries: Selector 'button[name='butReOpen']' not found in any frame after 30000ms"
4392,"https://app.pestpac.com/leads/detail.asp?Mode=Edit&SalesOppID=69002&StatusType=","After 2 retries: Selector 'button[name='butReOpen']' not found in any frame after 30000ms"
4424,"https://app.pestpac.com/leads/detail.asp?Mode=Edit&SalesOppID=56815&StatusType=","After 2 retries: Selector 'button[name='butReOpen']' not found in any frame after 30000ms"
4429,"https://app.pestpac.com/leads/detail.asp?Mode=Edit&SalesOppID=55615&StatusType=","After 2 retries: Selector 'button[name='butReOpen']' not found in any frame after 30000ms"
4484,"https://app.pestpac.com/leads/detail.asp?Mode=Edit&SalesOppID=52207&StatusType=","After 2 retries: Selector 'button[name='butReOpen']' not found in any frame after 30000ms"
4589,"https://app.pestpac.com/leads/detail.asp?Mode=Edit&SalesOppID=51876&StatusType=","After 2 retries: Selector 'button[name='butReOpen']' not found in any frame after 30000ms"
4621,"https://app.pestpac.com/leads/detail.asp?Mode=Edit&SalesOppID=50760&StatusType=","After 2 retries: Selector 'button[name='butReOpen']' not found in any frame after 30000ms"
4627,"https://app.pestpac.com/leads/detail.asp?Mode=Edit&SalesOppID=51309&StatusType=","After 2 retries: Selector 'button[name='butReOpen']' not found in any frame after 30000ms"
4632,"https://app.pestpac.com/leads/detail.asp?Mode=Edit&SalesOppID=51978&StatusType=","After 2 retries: Selector 'button[name='butReOpen']' not found in any frame after 30000ms"
4635,"https://app.pestpac.com/leads/detail.asp?Mode=Edit&SalesOppID=52001&StatusType=","After 2 retries: Selector 'button[name='butReOpen']' not found in any frame after 30000ms"
4660,"https://app.pestpac.com/leads/detail.asp?Mode=Edit&SalesOppID=51035&StatusType=","After 2 retries: Selector 'button[name='butReOpen']' not found in any frame after 30000ms"
4746,"https://app.pestpac.com/leads/detail.asp?Mode=Edit&SalesOppID=49604&StatusType=","After 2 retries: Selector 'button[name='butReOpen']' not found in any frame after 30000ms"
4785,"https://app.pestpac.com/leads/detail.asp?Mode=Edit&SalesOppID=48077&StatusType=","After 2 retries: Selector 'button[name='butReOpen']' not found in any frame after 30000ms"
4786,"https://app.pestpac.com/leads/detail.asp?Mode=Edit&SalesOppID=49325&StatusType=","After 2 retries: Selector 'button[name='butReOpen']' not found in any frame after 30000ms"
4788,"https://app.pestpac.com/leads/detail.asp?Mode=Edit&SalesOppID=48056&StatusType=","After 2 retries: Selector 'button[name='butReOpen']' not found in any frame after 30000ms"
4789,"https://app.pestpac.com/leads/detail.asp?Mode=Edit&SalesOppID=48057&StatusType=","After 2 retries: Selector 'button[name='butReOpen']' not found in any frame after 30000ms"
4790,"https://app.pestpac.com/leads/detail.asp?Mode=Edit&SalesOppID=48059&StatusType=","After 2 retries: Selector 'button[name='butReOpen']' not found in any frame after 30000ms"
5093,"https://app.pestpac.com/leads/detail.asp?Mode=Edit&SalesOppID=46905&StatusType=","After 2 retries: Selector 'button[name='butReOpen']' not found in any frame after 30000ms"
5094,"https://app.pestpac.com/leads/detail.asp?Mode=Edit&SalesOppID=46833&StatusType=","After 2 retries: Selector 'button[name='butReOpen']' not found in any frame after 30000ms"
5095,"https://app.pestpac.com/leads/detail.asp?Mode=Edit&SalesOppID=46848&StatusType=","After 2 retries: Selector 'button[name='butReOpen']' not found in any frame after 30000ms"
5096,"https://app.pestpac.com/leads/detail.asp?Mode=Edit&SalesOppID=46872&StatusType=","After 2 retries: Selector 'button[name='butReOpen']' not found in any frame after 30000ms"
5097,"https://app.pestpac.com/leads/detail.asp?Mode=Edit&SalesOppID=55015&StatusType=","After 2 retries: Selector 'button[name='butReOpen']' not found in any frame after 30000ms"
5098,"https://app.pestpac.com/leads/detail.asp?Mode=Edit&SalesOppID=46829&StatusType=","After 2 retries: Selector 'button[name='butReOpen']' not found in any frame after 30000ms"
5187,"https://app.pestpac.com/leads/detail.asp?Mode=Edit&SalesOppID=112983&StatusType=","After 2 retries: Selector 'button[name='butReOpen']' not found in any frame after 30000ms"
5189,"https://app.pestpac.com/leads/detail.asp?Mode=Edit&SalesOppID=112484&StatusType=","After 2 retries: Selector 'button[name='butReOpen']' not found in any frame after 30000ms"
5242,"https://app.pestpac.com/leads/detail.asp?Mode=Edit&SalesOppID=101745&StatusType=","After 2 retries: Selector 'button[name='butReOpen']' not found in any frame after 30000ms"
5262,"https://app.pestpac.com/leads/detail.asp?Mode=Edit&SalesOppID=112095&StatusType=","After 2 retries: Selector 'button[name='butReOpen']' not found in any frame after 30000ms"
5265,"https://app.pestpac.com/leads/detail.asp?Mode=Edit&SalesOppID=108285&StatusType=","After 2 retries: Selector 'button[name='butReOpen']' not found in any frame after 30000ms"
5316,"https://app.pestpac.com/leads/detail.asp?Mode=Edit&SalesOppID=108903&StatusType=","After 2 retries: Selector 'button[name='butReOpen']' not found in any frame after 30000ms"
5317,"https://app.pestpac.com/leads/detail.asp?Mode=Edit&SalesOppID=109252&StatusType=","After 2 retries: Selector 'button[name='butReOpen']' not found in any frame after 30000ms"
5331,"https://app.pestpac.com/leads/detail.asp?Mode=Edit&SalesOppID=102640&StatusType=","After 2 retries: Selector 'button[name='butReOpen']' not found in any frame after 30000ms"
5332,"https://app.pestpac.com/leads/detail.asp?Mode=Edit&SalesOppID=100066&StatusType=","After 2 retries: Selector 'button[name='butReOpen']' not found in any frame after 30000ms"
5333,"https://app.pestpac.com/leads/detail.asp?Mode=Edit&SalesOppID=103263&StatusType=","After 2 retries: Selector 'button[name='butReOpen']' not found in any frame after 30000ms"
5334,"https://app.pestpac.com/leads/detail.asp?Mode=Edit&SalesOppID=94366&StatusType=","After 2 retries: Selector 'button[name='butReOpen']' not found in any frame after 30000ms"
5335,"https://app.pestpac.com/leads/detail.asp?Mode=Edit&SalesOppID=94369&StatusType=","After 2 retries: Selector 'button[name='butReOpen']' not found in any frame after 30000ms"
5336,"https://app.pestpac.com/leads/detail.asp?Mode=Edit&SalesOppID=102605&StatusType=","After 2 retries: Selector 'button[name='butReOpen']' not found in any frame after 30000ms"
5337,"https://app.pestpac.com/leads/detail.asp?Mode=Edit&SalesOppID=102627&StatusType=","After 2 retries: Selector 'button[name='butReOpen']' not found in any frame after 30000ms"
5338,"https://app.pestpac.com/leads/detail.asp?Mode=Edit&SalesOppID=102628&StatusType=","After 2 retries: Selector 'button[name='butReOpen']' not found in any frame after 30000ms"
5339,"https://app.pestpac.com/leads/detail.asp?Mode=Edit&SalesOppID=102634&StatusType=","After 2 retries: Selector 'button[name='butReOpen']' not found in any frame after 30000ms"
5340,"https://app.pestpac.com/leads/detail.asp?Mode=Edit&SalesOppID=98813&StatusType=","After 2 retries: Selector 'button[name='butReOpen']' not found in any frame after 30000ms"
5412,"https://app.pestpac.com/leads/detail.asp?Mode=Edit&SalesOppID=106490&StatusType=","After 2 retries: Selector 'button[name='butReOpen']' not found in any frame after 30000ms"
5413,"https://app.pestpac.com/leads/detail.asp?Mode=Edit&SalesOppID=93812&StatusType=","After 2 retries: Selector 'button[name='butReOpen']' not found in any frame after 30000ms"
5416,"https://app.pestpac.com/leads/detail.asp?Mode=Edit&SalesOppID=105647&StatusType=","After 2 retries: Selector 'button[name='butReOpen']' not found in any frame after 30000ms"
5419,"https://app.pestpac.com/leads/detail.asp?Mode=Edit&SalesOppID=93777&StatusType=","After 2 retries: Selector 'button[name='butReOpen']' not found in any frame after 30000ms"
5421,"https://app.pestpac.com/leads/detail.asp?Mode=Edit&SalesOppID=105592&StatusType=","After 2 retries: Selector 'button[name='butReOpen']' not found in any frame after 30000ms"
5422,"https://app.pestpac.com/leads/detail.asp?Mode=Edit&SalesOppID=105605&StatusType=","After 2 retries: Selector 'button[name='butReOpen']' not found in any frame after 30000ms"
5423,"https://app.pestpac.com/leads/detail.asp?Mode=Edit&SalesOppID=105587&StatusType=","After 2 retries: Selector 'button[name='butReOpen']' not found in any frame after 30000ms"
5426,"https://app.pestpac.com/leads/detail.asp?Mode=Edit&SalesOppID=105929&StatusType=","After 2 retries: Selector 'button[name='butReOpen']' not found in any frame after 30000ms"
5433,"https://app.pestpac.com/leads/detail.asp?Mode=Edit&SalesOppID=95436&StatusType=","After 2 retries: Selector 'button[name='butReOpen']' not found in any frame after 30000ms"
5438,"https://app.pestpac.com/leads/detail.asp?Mode=Edit&SalesOppID=95544&StatusType=","After 2 retries: Selector 'button[name='butReOpen']' not found in any frame after 30000ms"
5462,"https://app.pestpac.com/leads/detail.asp?Mode=Edit&SalesOppID=52366&StatusType=","After 2 retries: Selector 'button[name='butReOpen']' not found in any frame after 30000ms"
5469,"https://app.pestpac.com/leads/detail.asp?Mode=Edit&SalesOppID=51965&StatusType=","After 2 retries: Selector 'button[name='butReOpen']' not found in any frame after 30000ms"
5583,"https://app.pestpac.com/leads/detail.asp?Mode=Edit&SalesOppID=31601&StatusType=","After 2 retries: Selector 'button[name='butReOpen']' not found in any frame after 30000ms"
5603,"https://app.pestpac.com/leads/detail.asp?Mode=Edit&SalesOppID=35778&StatusType=","After 2 retries: Selector 'button[name='butReOpen']' not found in any frame after 30000ms"
5618,"https://app.pestpac.com/leads/detail.asp?Mode=Edit&SalesOppID=40402&StatusType=","After 2 retries: Selector 'button[name='butReOpen']' not found in any frame after 30000ms"
5701,"https://app.pestpac.com/leads/detail.asp?Mode=Edit&SalesOppID=72715&StatusType=","After 2 retries: Selector 'button[name='butReOpen']' not found in any frame after 30000ms"
5741,"https://app.pestpac.com/leads/detail.asp?Mode=Edit&SalesOppID=76370&StatusType=","After 2 retries: Selector 'button[name='butReOpen']' not found in any frame after 30000ms"
5742,"https://app.pestpac.com/leads/detail.asp?Mode=Edit&SalesOppID=76393&StatusType=","After 2 retries: Selector 'button[name='butReOpen']' not found in any frame after 30000ms"
5743,"https://app.pestpac.com/leads/detail.asp?Mode=Edit&SalesOppID=76387&StatusType=","After 2 retries: Selector 'button[name='butReOpen']' not found in any frame after 30000ms"
5744,"https://app.pestpac.com/leads/detail.asp?Mode=Edit&SalesOppID=76716&StatusType=","After 2 retries: Selector 'button[name='butReOpen']' not found in any frame after 30000ms"
5745,"https://app.pestpac.com/leads/detail.asp?Mode=Edit&SalesOppID=77915&StatusType=","After 2 retries: Selector 'button[name='butReOpen']' not found in any frame after 30000ms"
5746,"https://app.pestpac.com/leads/detail.asp?Mode=Edit&SalesOppID=77996&StatusType=","After 2 retries: Selector 'button[name='butReOpen']' not found in any frame after 30000ms"
5747,"https://app.pestpac.com/leads/detail.asp?Mode=Edit&SalesOppID=76045&StatusType=","After 2 retries: Selector 'button[name='butReOpen']' not found in any frame after 30000ms"
5748,"https://app.pestpac.com/leads/detail.asp?Mode=Edit&SalesOppID=76076&StatusType=","After 2 retries: Selector 'button[name='butReOpen']' not found in any frame after 30000ms"
5749,"https://app.pestpac.com/leads/detail.asp?Mode=Edit&SalesOppID=77655&StatusType=","After 2 retries: Selector 'button[name='butReOpen']' not found in any frame after 30000ms"
5750,"https://app.pestpac.com/leads/detail.asp?Mode=Edit&SalesOppID=77728&StatusType=","After 2 retries: Selector 'button[name='butReOpen']' not found in any frame after 30000ms"
5811,"https://app.pestpac.com/leads/detail.asp?Mode=Edit&SalesOppID=111907&StatusType=","After 2 retries: Selector 'button[name='butReOpen']' not found in any frame after 30000ms"
5815,"https://app.pestpac.com/leads/detail.asp?Mode=Edit&SalesOppID=114071&StatusType=","After 2 retries: Selector 'button[name='butReOpen']' not found in any frame after 30000ms"
5816,"https://app.pestpac.com/leads/detail.asp?Mode=Edit&SalesOppID=108737&StatusType=","After 2 retries: Selector 'button[name='butReOpen']' not found in any frame after 30000ms"
5819,"https://app.pestpac.com/leads/detail.asp?Mode=Edit&SalesOppID=111321&StatusType=","After 2 retries: Selector 'button[name='butReOpen']' not found in any frame after 30000ms"
5861,"https://app.pestpac.com/leads/detail.asp?Mode=Edit&SalesOppID=108975&StatusType=","After 2 retries: Selector 'button[name='butReOpen']' not found in any frame after 30000ms"
5874,"https://app.pestpac.com/leads/detail.asp?Mode=Edit&SalesOppID=95045&StatusType=","After 2 retries: Selector 'button[name='butReOpen']' not found in any frame after 30000ms"
5875,"https://app.pestpac.com/leads/detail.asp?Mode=Edit&SalesOppID=102045&StatusType=","After 2 retries: Selector 'button[name='butReOpen']' not found in any frame after 30000ms"
5878,"https://app.pestpac.com/leads/detail.asp?Mode=Edit&SalesOppID=99334&StatusType=","After 2 retries: Selector 'button[name='butReOpen']' not found in any frame after 30000ms"
5944,"https://app.pestpac.com/leads/detail.asp?Mode=Edit&SalesOppID=77808&StatusType=","After 2 retries: Selector 'button[name='butReOpen']' not found in any frame after 30000ms"
5971,"https://app.pestpac.com/leads/detail.asp?Mode=Edit&SalesOppID=77061&StatusType=","After 2 retries: Selector 'button[name='butReOpen']' not found in any frame after 30000ms"
5976,"https://app.pestpac.com/leads/detail.asp?Mode=Edit&SalesOppID=76446&StatusType=","After 2 retries: locator.click: Timeout 30000ms exceeded.
Call log:
[2m  - waiting for locator('button[name='butReOpen'"
5983,"https://app.pestpac.com/leads/detail.asp?Mode=Edit&SalesOppID=73834&StatusType=","After 2 retries: Selector 'button[name='butReOpen']' not found in any frame after 30000ms"
6011,"https://app.pestpac.com/leads/detail.asp?Mode=Edit&SalesOppID=75800&StatusType=","After 2 retries: Selector 'button[name='butReOpen']' not found in any frame after 30000ms"
6012,"https://app.pestpac.com/leads/detail.asp?Mode=Edit&SalesOppID=75820&StatusType=","After 2 retries: Selector 'button[name='butReOpen']' not found in any frame after 30000ms"
6015,"https://app.pestpac.com/leads/detail.asp?Mode=Edit&SalesOppID=74576&StatusType=","After 2 retries: Selector 'button[name='butReOpen']' not found in any frame after 30000ms"
6021,"https://app.pestpac.com/leads/detail.asp?Mode=Edit&SalesOppID=74593&StatusType=","After 2 retries: Selector 'button[name='butReOpen']' not found in any frame after 30000ms"
6022,"https://app.pestpac.com/leads/detail.asp?Mode=Edit&SalesOppID=74594&StatusType=","After 2 retries: Selector 'button[name='butReOpen']' not found in any frame after 30000ms"
6028,"https://app.pestpac.com/leads/detail.asp?Mode=Edit&SalesOppID=74230&StatusType=","After 2 retries: Selector 'button[name='butReOpen']' not found in any frame after 30000ms"
6127,"https://app.pestpac.com/leads/detail.asp?Mode=Edit&SalesOppID=72476&StatusType=","After 2 retries: Selector 'button[name='butReOpen']' not found in any frame after 30000ms"
6175,"https://app.pestpac.com/leads/detail.asp?Mode=Edit&SalesOppID=70364&StatusType=","After 2 retries: locator.click: Timeout 30000ms exceeded.
Call log:
[2m  - waiting for locator('button[name='butReOpen'"
6181,"https://app.pestpac.com/leads/detail.asp?Mode=Edit&SalesOppID=72338&StatusType=","After 2 retries: Selector 'button[name='butReOpen']' not found in any frame after 30000ms"
6182,"https://app.pestpac.com/leads/detail.asp?Mode=Edit&SalesOppID=70938&StatusType=","After 2 retries: Selector 'button[name='butReOpen']' not found in any frame after 30000ms"
6183,"https://app.pestpac.com/leads/detail.asp?Mode=Edit&SalesOppID=70951&StatusType=","After 2 retries: Selector 'button[name='butReOpen']' not found in any frame after 30000ms"
6184,"https://app.pestpac.com/leads/detail.asp?Mode=Edit&SalesOppID=70966&StatusType=","After 2 retries: Selector 'button[name='butReOpen']' not found in any frame after 30000ms"
6185,"https://app.pestpac.com/leads/detail.asp?Mode=Edit&SalesOppID=71972&StatusType=","After 2 retries: Selector 'button[name='butReOpen']' not found in any frame after 30000ms"
6186,"https://app.pestpac.com/leads/detail.asp?Mode=Edit&SalesOppID=70942&StatusType=","After 2 retries: Selector 'button[name='butReOpen']' not found in any frame after 30000ms"
6187,"https://app.pestpac.com/leads/detail.asp?Mode=Edit&SalesOppID=70718&StatusType=","After 2 retries: Selector 'button[name='butReOpen']' not found in any frame after 30000ms"
6188,"https://app.pestpac.com/leads/detail.asp?Mode=Edit&SalesOppID=70757&StatusType=","After 2 retries: Selector 'button[name='butReOpen']' not found in any frame after 30000ms"
6189,"https://app.pestpac.com/leads/detail.asp?Mode=Edit&SalesOppID=70759&StatusType=","After 2 retries: Selector 'button[name='butReOpen']' not found in any frame after 30000ms"
6190,"https://app.pestpac.com/leads/detail.asp?Mode=Edit&SalesOppID=71138&StatusType=","After 2 retries: Selector 'button[name='butReOpen']' not found in any frame after 30000ms"
6197,"https://app.pestpac.com/leads/detail.asp?Mode=Edit&SalesOppID=69872&StatusType=","After 2 retries: Selector 'button[name='butReOpen']' not found in any frame after 30000ms"
6226,"https://app.pestpac.com/leads/detail.asp?Mode=Edit&SalesOppID=68838&StatusType=","After 2 retries: Selector 'button[name='butReOpen']' not found in any frame after 30000ms"
6234,"https://app.pestpac.com/leads/detail.asp?Mode=Edit&SalesOppID=70275&StatusType=","After 2 retries: Selector 'button[name='butReOpen']' not found in any frame after 30000ms"
6236,"https://app.pestpac.com/leads/detail.asp?Mode=Edit&SalesOppID=68032&StatusType=","After 2 retries: Selector 'button[name='butReOpen']' not found in any frame after 30000ms"
6258,"https://app.pestpac.com/leads/detail.asp?Mode=Edit&SalesOppID=70781&StatusType=","After 2 retries: Selector 'button[name='butReOpen']' not found in any frame after 30000ms"
6394,"https://app.pestpac.com/leads/detail.asp?Mode=Edit&SalesOppID=65672&StatusType=","After 2 retries: Selector 'button[name='butReOpen']' not found in any frame after 30000ms"
6414,"https://app.pestpac.com/leads/detail.asp?Mode=Edit&SalesOppID=66453&StatusType=","After 2 retries: Selector 'button[name='butReOpen']' not found in any frame after 30000ms"
6447,"https://app.pestpac.com/leads/detail.asp?Mode=Edit&SalesOppID=110456&StatusType=","After 2 retries: Selector 'button[name='butReOpen']' not found in any frame after 30000ms"
6481,"https://app.pestpac.com/leads/detail.asp?Mode=Edit&SalesOppID=64712&StatusType=","After 2 retries: Selector 'button[name='butReOpen']' not found in any frame after 30000ms"
6490,"https://app.pestpac.com/leads/detail.asp?Mode=Edit&SalesOppID=64356&StatusType=","After 2 retries: Selector 'button[name='butReOpen']' not found in any frame after 30000ms"
6491,"https://app.pestpac.com/leads/detail.asp?Mode=Edit&SalesOppID=64360&StatusType=","After 2 retries: Selector 'button[name='butReOpen']' not found in any frame after 30000ms"
6497,"https://app.pestpac.com/leads/detail.asp?Mode=Edit&SalesOppID=69999&StatusType=","After 2 retries: Selector 'button[name='butReOpen']' not found in any frame after 30000ms"
6514,"https://app.pestpac.com/leads/detail.asp?Mode=Edit&SalesOppID=70112&StatusType=","After 2 retries: Selector 'button[name='butReOpen']' not found in any frame after 30000ms"
6543,"https://app.pestpac.com/leads/detail.asp?Mode=Edit&SalesOppID=62603&StatusType=","After 2 retries: Selector 'button[name='butReOpen']' not found in any frame after 30000ms"
6547,"https://app.pestpac.com/leads/detail.asp?Mode=Edit&SalesOppID=62245&StatusType=","After 2 retries: Selector 'button[name='butReOpen']' not found in any frame after 30000ms"
6548,"https://app.pestpac.com/leads/detail.asp?Mode=Edit&SalesOppID=62248&StatusType=","After 2 retries: Selector 'button[name='butReOpen']' not found in any frame after 30000ms"
6551,"https://app.pestpac.com/leads/detail.asp?Mode=Edit&SalesOppID=62390&StatusType=","After 2 retries: Selector 'button[name='butReOpen']' not found in any frame after 30000ms"
6552,"https://app.pestpac.com/leads/detail.asp?Mode=Edit&SalesOppID=63777&StatusType=","After 2 retries: Selector 'button[name='butReOpen']' not found in any frame after 30000ms"
6553,"https://app.pestpac.com/leads/detail.asp?Mode=Edit&SalesOppID=63781&StatusType=","After 2 retries: Selector 'button[name='butReOpen']' not found in any frame after 30000ms"
6554,"https://app.pestpac.com/leads/detail.asp?Mode=Edit&SalesOppID=63808&StatusType=","After 2 retries: Selector 'button[name='butReOpen']' not found in any frame after 30000ms"
6555,"https://app.pestpac.com/leads/detail.asp?Mode=Edit&SalesOppID=63812&StatusType=","After 2 retries: Selector 'button[name='butReOpen']' not found in any frame after 30000ms"
6556,"https://app.pestpac.com/leads/detail.asp?Mode=Edit&SalesOppID=61504&StatusType=","After 2 retries: Selector 'button[name='butReOpen']' not found in any frame after 30000ms"
6557,"https://app.pestpac.com/leads/detail.asp?Mode=Edit&SalesOppID=61580&StatusType=","After 2 retries: Selector 'button[name='butReOpen']' not found in any frame after 30000ms"
6558,"https://app.pestpac.com/leads/detail.asp?Mode=Edit&SalesOppID=61566&StatusType=","After 2 retries: Selector 'button[name='butReOpen']' not found in any frame after 30000ms"
6559,"https://app.pestpac.com/leads/detail.asp?Mode=Edit&SalesOppID=61571&StatusType=","After 2 retries: Selector 'button[name='butReOpen']' not found in any frame after 30000ms"
6560,"https://app.pestpac.com/leads/detail.asp?Mode=Edit&SalesOppID=61537&StatusType=","After 2 retries: Selector 'button[name='butReOpen']' not found in any frame after 30000ms"
6562,"https://app.pestpac.com/leads/detail.asp?Mode=Edit&SalesOppID=61071&StatusType=","After 2 retries: Selector 'button[name='butReOpen']' not found in any frame after 30000ms"
6563,"https://app.pestpac.com/leads/detail.asp?Mode=Edit&SalesOppID=61811&StatusType=","After 2 retries: Selector 'button[name='butReOpen']' not found in any frame after 30000ms"
6570,"https://app.pestpac.com/leads/detail.asp?Mode=Edit&SalesOppID=62138&StatusType=","After 2 retries: Selector 'button[name='butReOpen']' not found in any frame after 30000ms"
6585,"https://app.pestpac.com/leads/detail.asp?Mode=Edit&SalesOppID=64445&StatusType=","After 2 retries: Selector 'button[name='butReOpen']' not found in any frame after 30000ms"
6624,"https://app.pestpac.com/leads/detail.asp?Mode=Edit&SalesOppID=75040&StatusType=","After 2 retries: Selector 'button[name='butReOpen']' not found in any frame after 30000ms"
6663,"https://app.pestpac.com/leads/detail.asp?Mode=Edit&SalesOppID=42410&StatusType=","After 2 retries: Selector 'button[name='butReOpen']' not found in any frame after 30000ms"
6759,"https://app.pestpac.com/leads/detail.asp?Mode=Edit&SalesOppID=36641&StatusType=","After 2 retries: Selector 'button[name='butReOpen']' not found in any frame after 30000ms"
6782,"https://app.pestpac.com/leads/detail.asp?Mode=Edit&SalesOppID=35467&StatusType=","After 2 retries: Selector 'button[name='butReOpen']' not found in any frame after 30000ms"
6783,"https://app.pestpac.com/leads/detail.asp?Mode=Edit&SalesOppID=35524&StatusType=","After 2 retries: Selector 'button[name='butReOpen']' not found in any frame after 30000ms"
6784,"https://app.pestpac.com/leads/detail.asp?Mode=Edit&SalesOppID=35503&StatusType=","After 2 retries: Selector 'button[name='butReOpen']' not found in any frame after 30000ms"
6785,"https://app.pestpac.com/leads/detail.asp?Mode=Edit&SalesOppID=34986&StatusType=","After 2 retries: Selector 'button[name='butReOpen']' not found in any frame after 30000ms"
6786,"https://app.pestpac.com/leads/detail.asp?Mode=Edit&SalesOppID=34880&StatusType=","After 2 retries: Selector 'button[name='butReOpen']' not found in any frame after 30000ms"
6787,"https://app.pestpac.com/leads/detail.asp?Mode=Edit&SalesOppID=34934&StatusType=","After 2 retries: Selector 'button[name='butReOpen']' not found in any frame after 30000ms"
6788,"https://app.pestpac.com/leads/detail.asp?Mode=Edit&SalesOppID=34375&StatusType=","After 2 retries: Selector 'button[name='butReOpen']' not found in any frame after 30000ms"
6789,"https://app.pestpac.com/leads/detail.asp?Mode=Edit&SalesOppID=34359&StatusType=","After 2 retries: Selector 'button[name='butReOpen']' not found in any frame after 30000ms"
6790,"https://app.pestpac.com/leads/detail.asp?Mode=Edit&SalesOppID=34278&StatusType=","After 2 retries: Selector 'button[name='butReOpen']' not found in any frame after 30000ms"
6831,"https://app.pestpac.com/leads/detail.asp?Mode=Edit&SalesOppID=29902&StatusType=","After 2 retries: Selector 'button[name='butReOpen']' not found in any frame after 30000ms"
6833,"https://app.pestpac.com/leads/detail.asp?Mode=Edit&SalesOppID=30150&StatusType=","After 2 retries: Selector 'button[name='butReOpen']' not found in any frame after 30000ms"
6853,"https://app.pestpac.com/leads/detail.asp?Mode=Edit&SalesOppID=28700&StatusType=","After 2 retries: Selector 'button[name='butReOpen']' not found in any frame after 30000ms"
6859,"https://app.pestpac.com/leads/detail.asp?Mode=Edit&SalesOppID=28187&StatusType=","After 2 retries: Selector 'button[name='butReOpen']' not found in any frame after 30000ms"
6882,"https://app.pestpac.com/leads/detail.asp?Mode=Edit&SalesOppID=25900&StatusType=","After 2 retries: Selector 'button[name='butReOpen']' not found in any frame after 30000ms"
6937,"https://app.pestpac.com/leads/detail.asp?Mode=Edit&SalesOppID=20081&StatusType=","After 2 retries: Selector 'button[name='butReOpen']' not found in any frame after 30000ms"
7085,"https://app.pestpac.com/leads/detail.asp?Mode=Edit&SalesOppID=8102&StatusType=","After 2 retries: Selector 'button[name='butReOpen']' not found in any frame after 30000ms"
7099,"https://app.pestpac.com/leads/detail.asp?Mode=Edit&SalesOppID=6037&StatusType=","After 2 retries: Selector 'button[name='butReOpen']' not found in any frame after 30000ms"
7100,"https://app.pestpac.com/leads/detail.asp?Mode=Edit&SalesOppID=6200&StatusType=","After 2 retries: Selector 'button[name='butReOpen']' not found in any frame after 30000ms"
7104,"https://app.pestpac.com/leads/detail.asp?Mode=Edit&SalesOppID=5995&StatusType=","After 2 retries: Selector 'button[name='butReOpen']' not found in any frame after 30000ms"
7161,"https://app.pestpac.com/leads/detail.asp?Mode=Edit&SalesOppID=1157&StatusType=","After 2 retries: Selector 'button[name='butReOpen']' not found in any frame after 30000ms"
7162,"https://app.pestpac.com/leads/detail.asp?Mode=Edit&SalesOppID=623&StatusType=","After 2 retries: Selector 'button[name='butReOpen']' not found in any frame after 30000ms"
7170,"https://app.pestpac.com/leads/detail.asp?Mode=Edit&SalesOppID=43506&StatusType=","After 2 retries: Selector 'button[name='butReOpen']' not found in any frame after 30000ms"
7340,"https://app.pestpac.com/leads/detail.asp?Mode=Edit&SalesOppID=53219&StatusType=","After 2 retries: Selector 'button[name='butReOpen']' not found in any frame after 30000ms"
7343,"https://app.pestpac.com/leads/detail.asp?Mode=Edit&SalesOppID=58338&StatusType=","After 2 retries: Selector 'button[name='butReOpen']' not found in any frame after 30000ms"
7345,"https://app.pestpac.com/leads/detail.asp?Mode=Edit&SalesOppID=58324&StatusType=","After 2 retries: Selector 'button[name='butReOpen']' not found in any frame after 30000ms"
7404,"https://app.pestpac.com/leads/detail.asp?Mode=Edit&SalesOppID=51043&StatusType=","After 2 retries: Selector 'button[name='butReOpen']' not found in any frame after 30000ms"
7408,"https://app.pestpac.com/leads/detail.asp?Mode=Edit&SalesOppID=57644&StatusType=","After 2 retries: Selector 'button[name='butReOpen']' not found in any frame after 30000ms"
7437,"https://app.pestpac.com/leads/detail.asp?Mode=Edit&SalesOppID=49783&StatusType=","After 2 retries: Selector 'button[name='butReOpen']' not found in any frame after 30000ms"
7438,"https://app.pestpac.com/leads/detail.asp?Mode=Edit&SalesOppID=49776&StatusType=","After 2 retries: Selector 'button[name='butReOpen']' not found in any frame after 30000ms"
7440,"https://app.pestpac.com/leads/detail.asp?Mode=Edit&SalesOppID=48587&StatusType=","After 2 retries: Selector 'button[name='butReOpen']' not found in any frame after 30000ms"
7448,"https://app.pestpac.com/leads/detail.asp?Mode=Edit&SalesOppID=57301&StatusType=","After 2 retries: Selector 'button[name='butReOpen']' not found in any frame after 30000ms"
7449,"https://app.pestpac.com/leads/detail.asp?Mode=Edit&SalesOppID=49552&StatusType=","After 2 retries: Selector 'button[name='butReOpen']' not found in any frame after 30000ms"
7482,"https://app.pestpac.com/leads/detail.asp?Mode=Edit&SalesOppID=54483&StatusType=","After 2 retries: Selector 'button[name='butReOpen']' not found in any frame after 30000ms"
7541,"https://app.pestpac.com/leads/detail.asp?Mode=Edit&SalesOppID=43713&StatusType=","After 2 retries: Selector 'button[name='butReOpen']' not found in any frame after 30000ms"
7542,"https://app.pestpac.com/leads/detail.asp?Mode=Edit&SalesOppID=47019&StatusType=","After 2 retries: Selector 'button[name='butReOpen']' not found in any frame after 30000ms"
7543,"https://app.pestpac.com/leads/detail.asp?Mode=Edit&SalesOppID=43697&StatusType=","After 2 retries: Selector 'button[name='butReOpen']' not found in any frame after 30000ms"
7544,"https://app.pestpac.com/leads/detail.asp?Mode=Edit&SalesOppID=45753&StatusType=","After 2 retries: Selector 'button[name='butReOpen']' not found in any frame after 30000ms"
7545,"https://app.pestpac.com/leads/detail.asp?Mode=Edit&SalesOppID=45754&StatusType=","After 2 retries: Selector 'button[name='butReOpen']' not found in any frame after 30000ms"
7546,"https://app.pestpac.com/leads/detail.asp?Mode=Edit&SalesOppID=43769&StatusType=","After 2 retries: Selector 'button[name='butReOpen']' not found in any frame after 30000ms"
7547,"https://app.pestpac.com/leads/detail.asp?Mode=Edit&SalesOppID=45802&StatusType=","After 2 retries: Selector 'button[name='butReOpen']' not found in any frame after 30000ms"
7548,"https://app.pestpac.com/leads/detail.asp?Mode=Edit&SalesOppID=45797&StatusType=","After 2 retries: Selector 'button[name='butReOpen']' not found in any frame after 30000ms"
7549,"https://app.pestpac.com/leads/detail.asp?Mode=Edit&SalesOppID=78224&StatusType=","After 2 retries: Selector 'button[name='butReOpen']' not found in any frame after 30000ms"
7550,"https://app.pestpac.com/leads/detail.asp?Mode=Edit&SalesOppID=78243&StatusType=","After 2 retries: Selector 'button[name='butReOpen']' not found in any frame after 30000ms"
7651,"https://app.pestpac.com/leads/detail.asp?Mode=Edit&SalesOppID=48679&StatusType=","After 2 retries: Selector 'button[name='butReOpen']' not found in any frame after 30000ms"
7654,"https://app.pestpac.com/leads/detail.asp?Mode=Edit&SalesOppID=48747&StatusType=","After 2 retries: Selector 'button[name='butReOpen']' not found in any frame after 30000ms"
7670,"https://app.pestpac.com/leads/detail.asp?Mode=Edit&SalesOppID=45880&StatusType=","After 2 retries: Selector 'button[name='butReOpen']' not found in any frame after 30000ms"
7681,"https://app.pestpac.com/leads/detail.asp?Mode=Edit&SalesOppID=44546&StatusType=","After 2 retries: Selector 'button[name='butReOpen']' not found in any frame after 30000ms"
7682,"https://app.pestpac.com/leads/detail.asp?Mode=Edit&SalesOppID=44510&StatusType=","After 2 retries: Selector 'button[name='butReOpen']' not found in any frame after 30000ms"
7683,"https://app.pestpac.com/leads/detail.asp?Mode=Edit&SalesOppID=44511&StatusType=","After 2 retries: Selector 'button[name='butReOpen']' not found in any frame after 30000ms"
7684,"https://app.pestpac.com/leads/detail.asp?Mode=Edit&SalesOppID=57848&StatusType=","After 2 retries: Selector 'button[name='butReOpen']' not found in any frame after 30000ms"
7685,"https://app.pestpac.com/leads/detail.asp?Mode=Edit&SalesOppID=57791&StatusType=","After 2 retries: Selector 'button[name='butReOpen']' not found in any frame after 30000ms"
7686,"https://app.pestpac.com/leads/detail.asp?Mode=Edit&SalesOppID=44563&StatusType=","After 2 retries: Selector 'button[name='butReOpen']' not found in any frame after 30000ms"
7687,"https://app.pestpac.com/leads/detail.asp?Mode=Edit&SalesOppID=44574&StatusType=","After 2 retries: Selector 'button[name='butReOpen']' not found in any frame after 30000ms"
7688,"https://app.pestpac.com/leads/detail.asp?Mode=Edit&SalesOppID=44518&StatusType=","After 2 retries: Selector 'button[name='butReOpen']' not found in any frame after 30000ms"
7689,"https://app.pestpac.com/leads/detail.asp?Mode=Edit&SalesOppID=44921&StatusType=","After 2 retries: Selector 'button[name='butReOpen']' not found in any frame after 30000ms"
7690,"https://app.pestpac.com/leads/detail.asp?Mode=Edit&SalesOppID=44937&StatusType=","After 2 retries: Selector 'button[name='butReOpen']' not found in any frame after 30000ms"
7778,"https://app.pestpac.com/leads/detail.asp?Mode=Edit&SalesOppID=107341&StatusType=","After 2 retries: Selector 'button[name='butReOpen']' not found in any frame after 30000ms"
7788,"https://app.pestpac.com/leads/detail.asp?Mode=Edit&SalesOppID=107860&StatusType=","After 2 retries: Selector 'button[name='butReOpen']' not found in any frame after 30000ms"
7791,"https://app.pestpac.com/leads/detail.asp?Mode=Edit&SalesOppID=94376&StatusType=","After 2 retries: Selector 'button[name='butReOpen']' not found in any frame after 30000ms"
7794,"https://app.pestpac.com/leads/detail.asp?Mode=Edit&SalesOppID=104627&StatusType=","After 2 retries: Selector 'button[name='butReOpen']' not found in any frame after 30000ms"
7795,"https://app.pestpac.com/leads/detail.asp?Mode=Edit&SalesOppID=100025&StatusType=","After 2 retries: Selector 'button[name='butReOpen']' not found in any frame after 30000ms"
7797,"https://app.pestpac.com/leads/detail.asp?Mode=Edit&SalesOppID=96341&StatusType=","After 2 retries: Selector 'button[name='butReOpen']' not found in any frame after 30000ms"
7799,"https://app.pestpac.com/leads/detail.asp?Mode=Edit&SalesOppID=96311&StatusType=","After 2 retries: Selector 'button[name='butReOpen']' not found in any frame after 30000ms"
7800,"https://app.pestpac.com/leads/detail.asp?Mode=Edit&SalesOppID=96275&StatusType=","After 2 retries: Selector 'button[name='butReOpen']' not found in any frame after 30000ms"
7803,"https://app.pestpac.com/leads/detail.asp?Mode=Edit&SalesOppID=103234&StatusType=","After 2 retries: Selector 'button[name='butReOpen']' not found in any frame after 30000ms"
7824,"https://app.pestpac.com/leads/detail.asp?Mode=Edit&SalesOppID=96491&StatusType=","After 2 retries: Selector 'button[name='butReOpen']' not found in any frame after 30000ms"
7832,"https://app.pestpac.com/leads/detail.asp?Mode=Edit&SalesOppID=95489&StatusType=","After 2 retries: Selector 'button[name='butReOpen']' not found in any frame after 30000ms"
7851,"https://app.pestpac.com/leads/detail.asp?Mode=Edit&SalesOppID=44754&StatusType=","After 2 retries: Selector 'button[name='butReOpen']' not found in any frame after 30000ms"
7852,"https://app.pestpac.com/leads/detail.asp?Mode=Edit&SalesOppID=44695&StatusType=","After 2 retries: Selector 'button[name='butReOpen']' not found in any frame after 30000ms"
7853,"https://app.pestpac.com/leads/detail.asp?Mode=Edit&SalesOppID=44697&StatusType=","After 2 retries: Selector 'button[name='butReOpen']' not found in any frame after 30000ms"
7855,"https://app.pestpac.com/leads/detail.asp?Mode=Edit&SalesOppID=44734&StatusType=","After 2 retries: Selector 'button[name='butReOpen']' not found in any frame after 30000ms"
7857,"https://app.pestpac.com/leads/detail.asp?Mode=Edit&SalesOppID=44681&StatusType=","After 2 retries: Selector 'button[name='butReOpen']' not found in any frame after 30000ms"
7858,"https://app.pestpac.com/leads/detail.asp?Mode=Edit&SalesOppID=44682&StatusType=","After 2 retries: Selector 'button[name='butReOpen']' not found in any frame after 30000ms"
7961,"https://app.pestpac.com/leads/detail.asp?Mode=Edit&SalesOppID=47198&StatusType=","After 2 retries: Selector 'button[name='butReOpen']' not found in any frame after 30000ms"
7962,"https://app.pestpac.com/leads/detail.asp?Mode=Edit&SalesOppID=44305&StatusType=","After 2 retries: Selector 'button[name='butReOpen']' not found in any frame after 30000ms"
7963,"https://app.pestpac.com/leads/detail.asp?Mode=Edit&SalesOppID=44306&StatusType=","After 2 retries: Selector 'button[name='butReOpen']' not found in any frame after 30000ms"
7964,"https://app.pestpac.com/leads/detail.asp?Mode=Edit&SalesOppID=44374&StatusType=","After 2 retries: Selector 'button[name='butReOpen']' not found in any frame after 30000ms"
7965,"https://app.pestpac.com/leads/detail.asp?Mode=Edit&SalesOppID=44375&StatusType=","After 2 retries: Selector 'button[name='butReOpen']' not found in any frame after 30000ms"
7966,"https://app.pestpac.com/leads/detail.asp?Mode=Edit&SalesOppID=44368&StatusType=","After 2 retries: Selector 'button[name='butReOpen']' not found in any frame after 30000ms"
7967,"https://app.pestpac.com/leads/detail.asp?Mode=Edit&SalesOppID=44352&StatusType=","After 2 retries: Selector 'button[name='butReOpen']' not found in any frame after 30000ms"
7968,"https://app.pestpac.com/leads/detail.asp?Mode=Edit&SalesOppID=44356&StatusType=","After 2 retries: Selector 'button[name='butReOpen']' not found in any frame after 30000ms"
7969,"https://app.pestpac.com/leads/detail.asp?Mode=Edit&SalesOppID=44357&StatusType=","After 2 retries: Selector 'button[name='butReOpen']' not found in any frame after 30000ms"
7970,"https://app.pestpac.com/leads/detail.asp?Mode=Edit&SalesOppID=44361&StatusType=","After 2 retries: Selector 'button[name='butReOpen']' not found in any frame after 30000ms"
7989,"https://app.pestpac.com/leads/detail.asp?Mode=Edit&SalesOppID=56481&StatusType=","After 2 retries: Selector 'button[name='butReOpen']' not found in any frame after 30000ms"
8100,"https://app.pestpac.com/leads/detail.asp?Mode=Edit&SalesOppID=45931&StatusType=","After 2 retries: Selector 'button[name='butReOpen']' not found in any frame after 30000ms"
8139,"https://app.pestpac.com/leads/detail.asp?Mode=Edit&SalesOppID=45084&StatusType=","After 2 retries: Selector 'button[name='butReOpen']' not found in any frame after 30000ms"
8217,"https://app.pestpac.com/leads/detail.asp?Mode=Edit&SalesOppID=47660&StatusType=","After 2 retries: Selector 'button[name='butReOpen']' not found in any frame after 30000ms"
8232,"https://app.pestpac.com/leads/detail.asp?Mode=Edit&SalesOppID=48353&StatusType=","After 2 retries: Selector 'button[name='butReOpen']' not found in any frame after 30000ms"
8233,"https://app.pestpac.com/leads/detail.asp?Mode=Edit&SalesOppID=48356&StatusType=","After 2 retries: Selector 'button[name='butReOpen']' not found in any frame after 30000ms"
8234,"https://app.pestpac.com/leads/detail.asp?Mode=Edit&SalesOppID=48357&StatusType=","After 2 retries: Selector 'button[name='butReOpen']' not found in any frame after 30000ms"
8235,"https://app.pestpac.com/leads/detail.asp?Mode=Edit&SalesOppID=47364&StatusType=","After 2 retries: Selector 'button[name='butReOpen']' not found in any frame after 30000ms"
8249,"https://app.pestpac.com/leads/detail.asp?Mode=Edit&SalesOppID=46469&StatusType=","After 2 retries: Selector 'button[name='butReOpen']' not found in any frame after 30000ms"
8259,"https://app.pestpac.com/leads/detail.asp?Mode=Edit&SalesOppID=47291&StatusType=","After 2 retries: Selector 'button[name='butReOpen']' not found in any frame after 30000ms"
8274,"https://app.pestpac.com/leads/detail.asp?Mode=Edit&SalesOppID=46195&StatusType=","After 2 retries: Selector 'button[name='butReOpen']' not found in any frame after 30000ms"
8281,"https://app.pestpac.com/leads/detail.asp?Mode=Edit&SalesOppID=46144&StatusType=","After 2 retries: Selector 'button[name='butReOpen']' not found in any frame after 30000ms"
8282,"https://app.pestpac.com/leads/detail.asp?Mode=Edit&SalesOppID=46145&StatusType=","After 2 retries: Selector 'button[name='butReOpen']' not found in any frame after 30000ms"
8283,"https://app.pestpac.com/leads/detail.asp?Mode=Edit&SalesOppID=46155&StatusType=","After 2 retries: Selector 'button[name='butReOpen']' not found in any frame after 30000ms"
8284,"https://app.pestpac.com/leads/detail.asp?Mode=Edit&SalesOppID=46156&StatusType=","After 2 retries: Selector 'button[name='butReOpen']' not found in any frame after 30000ms"
8285,"https://app.pestpac.com/leads/detail.asp?Mode=Edit&SalesOppID=46165&StatusType=","After 2 retries: Selector 'button[name='butReOpen']' not found in any frame after 30000ms"
8286,"https://app.pestpac.com/leads/detail.asp?Mode=Edit&SalesOppID=46166&StatusType=","After 2 retries: Selector 'button[name='butReOpen']' not found in any frame after 30000ms"
8287,"https://app.pestpac.com/leads/detail.asp?Mode=Edit&SalesOppID=46167&StatusType=","After 2 retries: Selector 'button[name='butReOpen']' not found in any frame after 30000ms"
8289,"https://app.pestpac.com/leads/detail.asp?Mode=Edit&SalesOppID=46554&StatusType=","After 2 retries: Selector 'button[name='butReOpen']' not found in any frame after 30000ms"
8290,"https://app.pestpac.com/leads/detail.asp?Mode=Edit&SalesOppID=46557&StatusType=","After 2 retries: Selector 'button[name='butReOpen']' not found in any frame after 30000ms"
8342,"https://app.pestpac.com/leads/detail.asp?Mode=Edit&SalesOppID=46841&StatusType=","After 2 retries: Selector 'button[name='butReOpen']' not found in any frame after 30000ms"
8365,"https://app.pestpac.com/leads/detail.asp?Mode=Edit&SalesOppID=46817&StatusType=","After 2 retries: Selector 'button[name='butReOpen']' not found in any frame after 30000ms"
8391,"https://app.pestpac.com/leads/detail.asp?Mode=Edit&SalesOppID=52965&StatusType=","After 2 retries: Selector 'button[name='butReOpen']' not found in any frame after 30000ms"
8392,"https://app.pestpac.com/leads/detail.asp?Mode=Edit&SalesOppID=52931&StatusType=","After 2 retries: Selector 'button[name='butReOpen']' not found in any frame after 30000ms"
8393,"https://app.pestpac.com/leads/detail.asp?Mode=Edit&SalesOppID=52944&StatusType=","After 2 retries: Selector 'button[name='butReOpen']' not found in any frame after 30000ms"
8394,"https://app.pestpac.com/leads/detail.asp?Mode=Edit&SalesOppID=52891&StatusType=","After 2 retries: Selector 'button[name='butReOpen']' not found in any frame after 30000ms"
8395,"https://app.pestpac.com/leads/detail.asp?Mode=Edit&SalesOppID=52912&StatusType=","After 2 retries: Selector 'button[name='butReOpen']' not found in any frame after 30000ms"
8396,"https://app.pestpac.com/leads/detail.asp?Mode=Edit&SalesOppID=105085&StatusType=","After 2 retries: Selector 'button[name='butReOpen']' not found in any frame after 30000ms"
8397,"https://app.pestpac.com/leads/detail.asp?Mode=Edit&SalesOppID=77243&StatusType=","After 2 retries: Selector 'button[name='butReOpen']' not found in any frame after 30000ms"
8398,"https://app.pestpac.com/leads/detail.asp?Mode=Edit&SalesOppID=77224&StatusType=","After 2 retries: Selector 'button[name='butReOpen']' not found in any frame after 30000ms"
8399,"https://app.pestpac.com/leads/detail.asp?Mode=Edit&SalesOppID=77274&StatusType=","After 2 retries: Selector 'button[name='butReOpen']' not found in any frame after 30000ms"
8400,"https://app.pestpac.com/leads/detail.asp?Mode=Edit&SalesOppID=77275&StatusType=","After 2 retries: Selector 'button[name='butReOpen']' not found in any frame after 30000ms"
8403,"https://app.pestpac.com/leads/detail.asp?Mode=Edit&SalesOppID=77257&StatusType=","After 2 retries: Selector 'button[name='butReOpen']' not found in any frame after 30000ms"
8410,"https://app.pestpac.com/leads/detail.asp?Mode=Edit&SalesOppID=77317&StatusType=","After 2 retries: Selector 'button[name='butReOpen']' not found in any frame after 30000ms"
8414,"https://app.pestpac.com/leads/detail.asp?Mode=Edit&SalesOppID=76879&StatusType=","After 2 retries: Selector 'button[name='butReOpen']' not found in any frame after 30000ms"
8450,"https://app.pestpac.com/leads/detail.asp?Mode=Edit&SalesOppID=42590&StatusType=","After 2 retries: Selector 'button[name='butReOpen']' not found in any frame after 30000ms"
8503,"https://app.pestpac.com/leads/detail.asp?Mode=Edit&SalesOppID=53059&StatusType=","After 2 retries: Selector 'button[name='butReOpen']' not found in any frame after 30000ms"
8523,"https://app.pestpac.com/leads/detail.asp?Mode=Edit&SalesOppID=54697&StatusType=","After 2 retries: Selector 'button[name='butReOpen']' not found in any frame after 30000ms"
8643,"https://app.pestpac.com/leads/detail.asp?Mode=Edit&SalesOppID=43689&StatusType=","After 2 retries: Selector 'button[name='butReOpen']' not found in any frame after 30000ms"
8644,"https://app.pestpac.com/leads/detail.asp?Mode=Edit&SalesOppID=43640&StatusType=","After 2 retries: Selector 'button[name='butReOpen']' not found in any frame after 30000ms"
8645,"https://app.pestpac.com/leads/detail.asp?Mode=Edit&SalesOppID=43642&StatusType=","After 2 retries: Selector 'button[name='butReOpen']' not found in any frame after 30000ms"
8649,"https://app.pestpac.com/leads/detail.asp?Mode=Edit&SalesOppID=43621&StatusType=","After 2 retries: Selector 'button[name='butReOpen']' not found in any frame after 30000ms"
8671,"https://app.pestpac.com/leads/detail.asp?Mode=Edit&SalesOppID=45449&StatusType=","After 2 retries: Selector 'button[name='butReOpen']' not found in any frame after 30000ms"
8673,"https://app.pestpac.com/leads/detail.asp?Mode=Edit&SalesOppID=45460&StatusType=","After 2 retries: Selector 'button[name='butReOpen']' not found in any frame after 30000ms"
8674,"https://app.pestpac.com/leads/detail.asp?Mode=Edit&SalesOppID=45461&StatusType=","After 2 retries: Selector 'button[name='butReOpen']' not found in any frame after 30000ms"
8675,"https://app.pestpac.com/leads/detail.asp?Mode=Edit&SalesOppID=43820&StatusType=","After 2 retries: Selector 'button[name='butReOpen']' not found in any frame after 30000ms"
8676,"https://app.pestpac.com/leads/detail.asp?Mode=Edit&SalesOppID=43824&StatusType=","After 2 retries: Selector 'button[name='butReOpen']' not found in any frame after 30000ms"
8677,"https://app.pestpac.com/leads/detail.asp?Mode=Edit&SalesOppID=43841&StatusType=","After 2 retries: Selector 'button[name='butReOpen']' not found in any frame after 30000ms"
8678,"https://app.pestpac.com/leads/detail.asp?Mode=Edit&SalesOppID=43844&StatusType=","After 2 retries: Selector 'button[name='butReOpen']' not found in any frame after 30000ms"
8679,"https://app.pestpac.com/leads/detail.asp?Mode=Edit&SalesOppID=43848&StatusType=","After 2 retries: Selector 'button[name='butReOpen']' not found in any frame after 30000ms"
8680,"https://app.pestpac.com/leads/detail.asp?Mode=Edit&SalesOppID=43851&StatusType=","After 2 retries: Selector 'button[name='butReOpen']' not found in any frame after 30000ms"
8803,"https://app.pestpac.com/leads/detail.asp?Mode=Edit&SalesOppID=45591&StatusType=","After 2 retries: Selector 'button[name='butReOpen']' not found in any frame after 30000ms"
8805,"https://app.pestpac.com/leads/detail.asp?Mode=Edit&SalesOppID=45639&StatusType=","After 2 retries: Selector 'button[name='butReOpen']' not found in any frame after 30000ms"
8809,"https://app.pestpac.com/leads/detail.asp?Mode=Edit&SalesOppID=45673&StatusType=","After 2 retries: Selector 'button[name='butReOpen']' not found in any frame after 30000ms"
8810,"https://app.pestpac.com/leads/detail.asp?Mode=Edit&SalesOppID=45674&StatusType=","After 2 retries: Selector 'button[name='butReOpen']' not found in any frame after 30000ms"
8893,"https://app.pestpac.com/leads/detail.asp?Mode=Edit&SalesOppID=49584&StatusType=","After 2 retries: Selector 'button[name='butReOpen']' not found in any frame after 30000ms"
8896,"https://app.pestpac.com/leads/detail.asp?Mode=Edit&SalesOppID=57297&StatusType=","After 2 retries: Selector 'button[name='butReOpen']' not found in any frame after 30000ms"
8932,"https://app.pestpac.com/leads/detail.asp?Mode=Edit&SalesOppID=49332&StatusType=","After 2 retries: Selector 'button[name='butReOpen']' not found in any frame after 30000ms"
8936,"https://app.pestpac.com/leads/detail.asp?Mode=Edit&SalesOppID=48087&StatusType=","After 2 retries: Selector 'button[name='butReOpen']' not found in any frame after 30000ms"
8937,"https://app.pestpac.com/leads/detail.asp?Mode=Edit&SalesOppID=48089&StatusType=","After 2 retries: Selector 'button[name='butReOpen']' not found in any frame after 30000ms"
8940,"https://app.pestpac.com/leads/detail.asp?Mode=Edit&SalesOppID=49742&StatusType=","After 2 retries: Selector 'button[name='butReOpen']' not found in any frame after 30000ms"
8941,"https://app.pestpac.com/leads/detail.asp?Mode=Edit&SalesOppID=49743&StatusType=","After 2 retries: Selector 'button[name='butReOpen']' not found in any frame after 30000ms"
8942,"https://app.pestpac.com/leads/detail.asp?Mode=Edit&SalesOppID=49744&StatusType=","After 2 retries: Selector 'button[name='butReOpen']' not found in any frame after 30000ms"
8943,"https://app.pestpac.com/leads/detail.asp?Mode=Edit&SalesOppID=49748&StatusType=","After 2 retries: Selector 'button[name='butReOpen']' not found in any frame after 30000ms"
8944,"https://app.pestpac.com/leads/detail.asp?Mode=Edit&SalesOppID=49749&StatusType=","After 2 retries: Selector 'button[name='butReOpen']' not found in any frame after 30000ms"
8945,"https://app.pestpac.com/leads/detail.asp?Mode=Edit&SalesOppID=49735&StatusType=","After 2 retries: Selector 'button[name='butReOpen']' not found in any frame after 30000ms"
8946,"https://app.pestpac.com/leads/detail.asp?Mode=Edit&SalesOppID=47798&StatusType=","After 2 retries: Selector 'button[name='butReOpen']' not found in any frame after 30000ms"
8947,"https://app.pestpac.com/leads/detail.asp?Mode=Edit&SalesOppID=47799&StatusType=","After 2 retries: Selector 'button[name='butReOpen']' not found in any frame after 30000ms"
8948,"https://app.pestpac.com/leads/detail.asp?Mode=Edit&SalesOppID=47771&StatusType=","After 2 retries: Selector 'button[name='butReOpen']' not found in any frame after 30000ms"
8949,"https://app.pestpac.com/leads/detail.asp?Mode=Edit&SalesOppID=47772&StatusType=","After 2 retries: Selector 'button[name='butReOpen']' not found in any frame after 30000ms"
8950,"https://app.pestpac.com/leads/detail.asp?Mode=Edit&SalesOppID=47774&StatusType=","After 2 retries: Selector 'button[name='butReOpen']' not found in any frame after 30000ms"
8975,"https://app.pestpac.com/leads/detail.asp?Mode=Edit&SalesOppID=50187&StatusType=","After 2 retries: Selector 'button[name='butReOpen']' not found in any frame after 30000ms"
9091,"https://app.pestpac.com/leads/detail.asp?Mode=Edit&SalesOppID=50603&StatusType=","After 2 retries: Selector 'button[name='butReOpen']' not found in any frame after 30000ms"
9101,"https://app.pestpac.com/leads/detail.asp?Mode=Edit&SalesOppID=50544&StatusType=","After 2 retries: Selector 'button[name='butReOpen']' not found in any frame after 30000ms"
9110,"https://app.pestpac.com/leads/detail.asp?Mode=Edit&SalesOppID=50815&StatusType=","After 2 retries: Selector 'button[name='butReOpen']' not found in any frame after 30000ms"
9131,"https://app.pestpac.com/leads/detail.asp?Mode=Edit&SalesOppID=50773&StatusType=","After 2 retries: Selector 'button[name='butReOpen']' not found in any frame after 30000ms"
9132,"https://app.pestpac.com/leads/detail.asp?Mode=Edit&SalesOppID=50774&StatusType=","After 2 retries: Selector 'button[name='butReOpen']' not found in any frame after 30000ms"
9133,"https://app.pestpac.com/leads/detail.asp?Mode=Edit&SalesOppID=50775&StatusType=","After 2 retries: Selector 'button[name='butReOpen']' not found in any frame after 30000ms"
9134,"https://app.pestpac.com/leads/detail.asp?Mode=Edit&SalesOppID=50777&StatusType=","After 2 retries: Selector 'button[name='butReOpen']' not found in any frame after 30000ms"
9135,"https://app.pestpac.com/leads/detail.asp?Mode=Edit&SalesOppID=50778&StatusType=","After 2 retries: Selector 'button[name='butReOpen']' not found in any frame after 30000ms"
9136,"https://app.pestpac.com/leads/detail.asp?Mode=Edit&SalesOppID=50779&StatusType=","After 2 retries: Selector 'button[name='butReOpen']' not found in any frame after 30000ms"
9139,"https://app.pestpac.com/leads/detail.asp?Mode=Edit&SalesOppID=50785&StatusType=","After 2 retries: Selector 'button[name='butReOpen']' not found in any frame after 30000ms"
9140,"https://app.pestpac.com/leads/detail.asp?Mode=Edit&SalesOppID=50786&StatusType=","After 2 retries: Selector 'button[name='butReOpen']' not found in any frame after 30000ms"
9151,"https://app.pestpac.com/leads/detail.asp?Mode=Edit&SalesOppID=51469&StatusType=","After 2 retries: Selector 'button[name='butReOpen']' not found in any frame after 30000ms"
9194,"https://app.pestpac.com/leads/detail.asp?Mode=Edit&SalesOppID=51954&StatusType=","After 2 retries: locator.click: Timeout 30000ms exceeded.
Call log:
[2m  - waiting for locator('button[name='butReOpen'"
9222,"https://app.pestpac.com/leads/detail.asp?Mode=Edit&SalesOppID=51912&StatusType=","After 2 retries: locator.click: Timeout 30000ms exceeded.
Call log:
[2m  - waiting for locator('button[name='butReOpen'"
9399,"https://app.pestpac.com/leads/detail.asp?Mode=Edit&SalesOppID=60425&StatusType=","After 2 retries: Selector 'button[name='butReOpen']' not found in any frame after 30000ms"
9403,"https://app.pestpac.com/leads/detail.asp?Mode=Edit&SalesOppID=59443&StatusType=","After 2 retries: Selector 'button[name='butReOpen']' not found in any frame after 30000ms"
9404,"https://app.pestpac.com/leads/detail.asp?Mode=Edit&SalesOppID=60462&StatusType=","After 2 retries: Selector 'button[name='butReOpen']' not found in any frame after 30000ms"
9405,"https://app.pestpac.com/leads/detail.asp?Mode=Edit&SalesOppID=60463&StatusType=","After 2 retries: Selector 'button[name='butReOpen']' not found in any frame after 30000ms"
9406,"https://app.pestpac.com/leads/detail.asp?Mode=Edit&SalesOppID=55236&StatusType=","After 2 retries: Selector 'button[name='butReOpen']' not found in any frame after 30000ms"
9408,"https://app.pestpac.com/leads/detail.asp?Mode=Edit&SalesOppID=55238&StatusType=","After 2 retries: Selector 'button[name='butReOpen']' not found in any frame after 30000ms"
9410,"https://app.pestpac.com/leads/detail.asp?Mode=Edit&SalesOppID=55240&StatusType=","After 2 retries: Selector 'button[name='butReOpen']' not found in any frame after 30000ms"
9412,"https://app.pestpac.com/leads/detail.asp?Mode=Edit&SalesOppID=55244&StatusType=","After 2 retries: Selector 'button[name='butReOpen']' not found in any frame after 30000ms"
9413,"https://app.pestpac.com/leads/detail.asp?Mode=Edit&SalesOppID=55245&StatusType=","After 2 retries: Selector 'button[name='butReOpen']' not found in any frame after 30000ms"
9417,"https://app.pestpac.com/leads/detail.asp?Mode=Edit&SalesOppID=55249&StatusType=","After 2 retries: Selector 'button[name='butReOpen']' not found in any frame after 30000ms"
9421,"https://app.pestpac.com/leads/detail.asp?Mode=Edit&SalesOppID=55253&StatusType=","After 2 retries: Selector 'button[name='butReOpen']' not found in any frame after 30000ms"
9422,"https://app.pestpac.com/leads/detail.asp?Mode=Edit&SalesOppID=55254&StatusType=","After 2 retries: Selector 'button[name='butReOpen']' not found in any frame after 30000ms"
9423,"https://app.pestpac.com/leads/detail.asp?Mode=Edit&SalesOppID=55255&StatusType=","After 2 retries: Selector 'button[name='butReOpen']' not found in any frame after 30000ms"
9424,"https://app.pestpac.com/leads/detail.asp?Mode=Edit&SalesOppID=55215&StatusType=","After 2 retries: Selector 'button[name='butReOpen']' not found in any frame after 30000ms"
9425,"https://app.pestpac.com/leads/detail.asp?Mode=Edit&SalesOppID=55217&StatusType=","After 2 retries: Selector 'button[name='butReOpen']' not found in any frame after 30000ms"
9426,"https://app.pestpac.com/leads/detail.asp?Mode=Edit&SalesOppID=55218&StatusType=","After 2 retries: Selector 'button[name='butReOpen']' not found in any frame after 30000ms"
9427,"https://app.pestpac.com/leads/detail.asp?Mode=Edit&SalesOppID=55220&StatusType=","After 2 retries: Selector 'button[name='butReOpen']' not found in any frame after 30000ms"
9428,"https://app.pestpac.com/leads/detail.asp?Mode=Edit&SalesOppID=55221&StatusType=","After 2 retries: Selector 'button[name='butReOpen']' not found in any frame after 30000ms"
9429,"https://app.pestpac.com/leads/detail.asp?Mode=Edit&SalesOppID=55224&StatusType=","After 2 retries: Selector 'button[name='butReOpen']' not found in any frame after 30000ms"
9430,"https://app.pestpac.com/leads/detail.asp?Mode=Edit&SalesOppID=55225&StatusType=","After 2 retries: Selector 'button[name='butReOpen']' not found in any frame after 30000ms"
9438,"https://app.pestpac.com/leads/detail.asp?Mode=Edit&SalesOppID=55229&StatusType=","After 2 retries: Selector 'button[name='butReOpen']' not found in any frame after 30000ms"
9447,"https://app.pestpac.com/leads/detail.asp?Mode=Edit&SalesOppID=55486&StatusType=","After 2 retries: Selector 'button[name='butReOpen']' not found in any frame after 30000ms"
9539,"https://app.pestpac.com/leads/detail.asp?Mode=Edit&SalesOppID=56271&StatusType=","After 2 retries: Selector 'button[name='butReOpen']' not found in any frame after 30000ms"
9566,"https://app.pestpac.com/leads/detail.asp?Mode=Edit&SalesOppID=58556&StatusType=","After 2 retries: Selector 'button[name='butReOpen']' not found in any frame after 30000ms"
9570,"https://app.pestpac.com/leads/detail.asp?Mode=Edit&SalesOppID=58795&StatusType=","After 2 retries: Selector 'button[name='butReOpen']' not found in any frame after 30000ms"
9571,"https://app.pestpac.com/leads/detail.asp?Mode=Edit&SalesOppID=58743&StatusType=","After 2 retries: Selector 'button[name='butReOpen']' not found in any frame after 30000ms"
9575,"https://app.pestpac.com/leads/detail.asp?Mode=Edit&SalesOppID=58522&StatusType=","After 2 retries: Selector 'button[name='butReOpen']' not found in any frame after 30000ms"
9579,"https://app.pestpac.com/leads/detail.asp?Mode=Edit&SalesOppID=58454&StatusType=","After 2 retries: Selector 'button[name='butReOpen']' not found in any frame after 30000ms"
9590,"https://app.pestpac.com/leads/detail.asp?Mode=Edit&SalesOppID=58873&StatusType=","After 2 retries: Selector 'button[name='butReOpen']' not found in any frame after 30000ms"
9610,"https://app.pestpac.com/leads/detail.asp?Mode=Edit&SalesOppID=60000&StatusType=","After 2 retries: Selector 'button[name='butReOpen']' not found in any frame after 30000ms"
9655,"https://app.pestpac.com/leads/detail.asp?Mode=Edit&SalesOppID=57265&StatusType=","After 2 retries: Selector 'button[name='butReOpen']' not found in any frame after 30000ms"
9731,"https://app.pestpac.com/leads/detail.asp?Mode=Edit&SalesOppID=69534&StatusType=","After 2 retries: Selector 'button[name='butReOpen']' not found in any frame after 30000ms"
9732,"https://app.pestpac.com/leads/detail.asp?Mode=Edit&SalesOppID=69550&StatusType=","After 2 retries: Selector 'button[name='butReOpen']' not found in any frame after 30000ms"
9733,"https://app.pestpac.com/leads/detail.asp?Mode=Edit&SalesOppID=60059&StatusType=","After 2 retries: Selector 'button[name='butReOpen']' not found in any frame after 30000ms"
9734,"https://app.pestpac.com/leads/detail.asp?Mode=Edit&SalesOppID=60070&StatusType=","After 2 retries: Selector 'button[name='butReOpen']' not found in any frame after 30000ms"
9735,"https://app.pestpac.com/leads/detail.asp?Mode=Edit&SalesOppID=60092&StatusType=","After 2 retries: Selector 'button[name='butReOpen']' not found in any frame after 30000ms"
9736,"https://app.pestpac.com/leads/detail.asp?Mode=Edit&SalesOppID=60102&StatusType=","After 2 retries: Selector 'button[name='butReOpen']' not found in any frame after 30000ms"
9737,"https://app.pestpac.com/leads/detail.asp?Mode=Edit&SalesOppID=60103&StatusType=","After 2 retries: Selector 'button[name='butReOpen']' not found in any frame after 30000ms"
9738,"https://app.pestpac.com/leads/detail.asp?Mode=Edit&SalesOppID=60104&StatusType=","After 2 retries: Selector 'button[name='butReOpen']' not found in any frame after 30000ms"
9771,"https://app.pestpac.com/leads/detail.asp?Mode=Edit&SalesOppID=42705&StatusType=","After 2 retries: Selector 'button[name='butReOpen']' not found in any frame after 30000ms"
9772,"https://app.pestpac.com/leads/detail.asp?Mode=Edit&SalesOppID=42706&StatusType=","After 2 retries: Selector 'button[name='butReOpen']' not found in any frame after 30000ms"
9773,"https://app.pestpac.com/leads/detail.asp?Mode=Edit&SalesOppID=42638&StatusType=","After 2 retries: Selector 'button[name='butReOpen']' not found in any frame after 30000ms"
9774,"https://app.pestpac.com/leads/detail.asp?Mode=Edit&SalesOppID=42645&StatusType=","After 2 retries: Selector 'button[name='butReOpen']' not found in any frame after 30000ms"
9775,"https://app.pestpac.com/leads/detail.asp?Mode=Edit&SalesOppID=42653&StatusType=","After 2 retries: Selector 'button[name='butReOpen']' not found in any frame after 30000ms"
9776,"https://app.pestpac.com/leads/detail.asp?Mode=Edit&SalesOppID=42654&StatusType=","After 2 retries: Selector 'button[name='butReOpen']' not found in any frame after 30000ms"
9777,"https://app.pestpac.com/leads/detail.asp?Mode=Edit&SalesOppID=42655&StatusType=","After 2 retries: Selector 'button[name='butReOpen']' not found in any frame after 30000ms"
9778,"https://app.pestpac.com/leads/detail.asp?Mode=Edit&SalesOppID=42656&StatusType=","After 2 retries: Selector 'button[name='butReOpen']' not found in any frame after 30000ms"
9779,"https://app.pestpac.com/leads/detail.asp?Mode=Edit&SalesOppID=42668&StatusType=","After 2 retries: Selector 'button[name='butReOpen']' not found in any frame after 30000ms"
9780,"https://app.pestpac.com/leads/detail.asp?Mode=Edit&SalesOppID=43012&StatusType=","After 2 retries: Selector 'button[name='butReOpen']' not found in any frame after 30000ms"
9851,"https://app.pestpac.com/leads/detail.asp?Mode=Edit&SalesOppID=421&StatusType=","After 2 retries: Selector 'button[name='butReOpen']' not found in any frame after 30000ms"
9921,"https://app.pestpac.com/leads/detail.asp?Mode=Edit&SalesOppID=43503&StatusType=","After 2 retries: Selector 'button[name='butReOpen']' not found in any frame after 30000ms"
9961,"https://app.pestpac.com/leads/detail.asp?Mode=Edit&SalesOppID=862&StatusType=","After 2 retries: Selector 'button[name='butReOpen']' not found in any frame after 30000ms"
9965,"https://app.pestpac.com/leads/detail.asp?Mode=Edit&SalesOppID=961&StatusType=","After 2 retries: Selector 'button[name='butReOpen']' not found in any frame after 30000ms"
10004,"https://app.pestpac.com/leads/detail.asp?Mode=Edit&SalesOppID=1874&StatusType=","After 2 retries: Selector 'button[name='butReOpen']' not found in any frame after 30000ms"
10010,"https://app.pestpac.com/leads/detail.asp?Mode=Edit&SalesOppID=1888&StatusType=","After 2 retries: Selector 'button[name='butReOpen']' not found in any frame after 30000ms"
10014,"https://app.pestpac.com/leads/detail.asp?Mode=Edit&SalesOppID=1582&StatusType=","After 2 retries: Selector 'button[name='butReOpen']' not found in any frame after 30000ms"
10020,"https://app.pestpac.com/leads/detail.asp?Mode=Edit&SalesOppID=1528&StatusType=","After 2 retries: Selector 'button[name='butReOpen']' not found in any frame after 30000ms"
10042,"https://app.pestpac.com/leads/detail.asp?Mode=Edit&SalesOppID=3592&StatusType=","After 2 retries: Selector 'button[name='butReOpen']' not found in any frame after 30000ms"
10072,"https://app.pestpac.com/leads/detail.asp?Mode=Edit&SalesOppID=5067&StatusType=","After 2 retries: Selector 'button[name='butReOpen']' not found in any frame after 30000ms"
10073,"https://app.pestpac.com/leads/detail.asp?Mode=Edit&SalesOppID=4954&StatusType=","After 2 retries: Selector 'button[name='butReOpen']' not found in any frame after 30000ms"
10074,"https://app.pestpac.com/leads/detail.asp?Mode=Edit&SalesOppID=4955&StatusType=","After 2 retries: Selector 'button[name='butReOpen']' not found in any frame after 30000ms"
10075,"https://app.pestpac.com/leads/detail.asp?Mode=Edit&SalesOppID=4956&StatusType=","After 2 retries: Selector 'button[name='butReOpen']' not found in any frame after 30000ms"
10076,"https://app.pestpac.com/leads/detail.asp?Mode=Edit&SalesOppID=4957&StatusType=","After 2 retries: Selector 'button[name='butReOpen']' not found in any frame after 30000ms"
10077,"https://app.pestpac.com/leads/detail.asp?Mode=Edit&SalesOppID=4958&StatusType=","After 2 retries: Selector 'button[name='butReOpen']' not found in any frame after 30000ms"
10078,"https://app.pestpac.com/leads/detail.asp?Mode=Edit&SalesOppID=4959&StatusType=","After 2 retries: Selector 'button[name='butReOpen']' not found in any frame after 30000ms"
10079,"https://app.pestpac.com/leads/detail.asp?Mode=Edit&SalesOppID=4960&StatusType=","After 2 retries: Selector 'button[name='butReOpen']' not found in any frame after 30000ms"
10080,"https://app.pestpac.com/leads/detail.asp?Mode=Edit&SalesOppID=4961&StatusType=","After 2 retries: Selector 'button[name='butReOpen']' not found in any frame after 30000ms"
10102,"https://app.pestpac.com/leads/detail.asp?Mode=Edit&SalesOppID=5710&StatusType=","After 2 retries: Selector 'button[name='butReOpen']' not found in any frame after 30000ms"
10269,"https://app.pestpac.com/leads/detail.asp?Mode=Edit&SalesOppID=10326&StatusType=","After 2 retries: Selector 'button[name='butReOpen']' not found in any frame after 30000ms"
10302,"https://app.pestpac.com/leads/detail.asp?Mode=Edit&SalesOppID=11060&StatusType=","After 2 retries: Selector 'button[name='butReOpen']' not found in any frame after 30000ms"
10332,"https://app.pestpac.com/leads/detail.asp?Mode=Edit&SalesOppID=11024&StatusType=","After 2 retries: Selector 'button[name='butReOpen']' not found in any frame after 30000ms"
10342,"https://app.pestpac.com/leads/detail.asp?Mode=Edit&SalesOppID=11459&StatusType=","After 2 retries: Selector 'button[name='butReOpen']' not found in any frame after 30000ms"
10362,"https://app.pestpac.com/leads/detail.asp?Mode=Edit&SalesOppID=12825&StatusType=","After 2 retries: Selector 'button[name='butReOpen']' not found in any frame after 30000ms"
10363,"https://app.pestpac.com/leads/detail.asp?Mode=Edit&SalesOppID=13136&StatusType=","After 2 retries: Selector 'button[name='butReOpen']' not found in any frame after 30000ms"
10364,"https://app.pestpac.com/leads/detail.asp?Mode=Edit&SalesOppID=13073&StatusType=","After 2 retries: Selector 'button[name='butReOpen']' not found in any frame after 30000ms"
10365,"https://app.pestpac.com/leads/detail.asp?Mode=Edit&SalesOppID=13084&StatusType=","After 2 retries: Selector 'button[name='butReOpen']' not found in any frame after 30000ms"
10366,"https://app.pestpac.com/leads/detail.asp?Mode=Edit&SalesOppID=13105&StatusType=","After 2 retries: Selector 'button[name='butReOpen']' not found in any frame after 30000ms"
10367,"https://app.pestpac.com/leads/detail.asp?Mode=Edit&SalesOppID=13108&StatusType=","After 2 retries: Selector 'button[name='butReOpen']' not found in any frame after 30000ms"
10368,"https://app.pestpac.com/leads/detail.asp?Mode=Edit&SalesOppID=13109&StatusType=","After 2 retries: Selector 'button[name='butReOpen']' not found in any frame after 30000ms"
10369,"https://app.pestpac.com/leads/detail.asp?Mode=Edit&SalesOppID=13113&StatusType=","After 2 retries: Selector 'button[name='butReOpen']' not found in any frame after 30000ms"
10370,"https://app.pestpac.com/leads/detail.asp?Mode=Edit&SalesOppID=13260&StatusType=","After 2 retries: Selector 'button[name='butReOpen']' not found in any frame after 30000ms"
10562,"https://app.pestpac.com/leads/detail.asp?Mode=Edit&SalesOppID=20809&StatusType=","After 2 retries: Selector 'button[name='butReOpen']' not found in any frame after 30000ms"
10610,"https://app.pestpac.com/leads/detail.asp?Mode=Edit&SalesOppID=21895&StatusType=","After 2 retries: Selector 'button[name='butReOpen']' not found in any frame after 30000ms"
10682,"https://app.pestpac.com/leads/detail.asp?Mode=Edit&SalesOppID=24049&StatusType=","After 2 retries: Selector 'button[name='butReOpen']' not found in any frame after 30000ms"
10683,"https://app.pestpac.com/leads/detail.asp?Mode=Edit&SalesOppID=23988&StatusType=","After 2 retries: Selector 'button[name='butReOpen']' not found in any frame after 30000ms"
10684,"https://app.pestpac.com/leads/detail.asp?Mode=Edit&SalesOppID=23682&StatusType=","After 2 retries: Selector 'button[name='butReOpen']' not found in any frame after 30000ms"
10685,"https://app.pestpac.com/leads/detail.asp?Mode=Edit&SalesOppID=23693&StatusType=","After 2 retries: Selector 'button[name='butReOpen']' not found in any frame after 30000ms"
10686,"https://app.pestpac.com/leads/detail.asp?Mode=Edit&SalesOppID=23855&StatusType=","After 2 retries: Selector 'button[name='butReOpen']' not found in any frame after 30000ms"
10687,"https://app.pestpac.com/leads/detail.asp?Mode=Edit&SalesOppID=23923&StatusType=","After 2 retries: Selector 'button[name='butReOpen']' not found in any frame after 30000ms"
10688,"https://app.pestpac.com/leads/detail.asp?Mode=Edit&SalesOppID=24690&StatusType=","After 2 retries: Selector 'button[name='butReOpen']' not found in any frame after 30000ms"
10689,"https://app.pestpac.com/leads/detail.asp?Mode=Edit&SalesOppID=24716&StatusType=","After 2 retries: Selector 'button[name='butReOpen']' not found in any frame after 30000ms"
10690,"https://app.pestpac.com/leads/detail.asp?Mode=Edit&SalesOppID=24718&StatusType=","After 2 retries: Selector 'button[name='butReOpen']' not found in any frame after 30000ms"
10718,"https://app.pestpac.com/leads/detail.asp?Mode=Edit&SalesOppID=25312&StatusType=","After 2 retries: Selector 'button[name='butReOpen']' not found in any frame after 30000ms"
10754,"https://app.pestpac.com/leads/detail.asp?Mode=Edit&SalesOppID=26996&StatusType=","After 2 retries: Selector 'button[name='butReOpen']' not found in any frame after 30000ms"
10756,"https://app.pestpac.com/leads/detail.asp?Mode=Edit&SalesOppID=26984&StatusType=","After 2 retries: Selector 'button[name='butReOpen']' not found in any frame after 30000ms"
10757,"https://app.pestpac.com/leads/detail.asp?Mode=Edit&SalesOppID=26985&StatusType=","After 2 retries: Selector 'button[name='butReOpen']' not found in any frame after 30000ms"
10813,"https://app.pestpac.com/leads/detail.asp?Mode=Edit&SalesOppID=28384&StatusType=","After 2 retries: Selector 'button[name='butReOpen']' not found in any frame after 30000ms"
10815,"https://app.pestpac.com/leads/detail.asp?Mode=Edit&SalesOppID=28524&StatusType=","After 2 retries: Selector 'button[name='butReOpen']' not found in any frame after 30000ms"
10816,"https://app.pestpac.com/leads/detail.asp?Mode=Edit&SalesOppID=28407&StatusType=","After 2 retries: Selector 'button[name='butReOpen']' not found in any frame after 30000ms"
10854,"https://app.pestpac.com/leads/detail.asp?Mode=Edit&SalesOppID=29206&StatusType=","After 2 retries: Selector 'button[name='butReOpen']' not found in any frame after 30000ms"
10871,"https://app.pestpac.com/leads/detail.asp?Mode=Edit&SalesOppID=30153&StatusType=","After 2 retries: Selector 'button[name='butReOpen']' not found in any frame after 30000ms"
10872,"https://app.pestpac.com/leads/detail.asp?Mode=Edit&SalesOppID=30154&StatusType=","After 2 retries: Selector 'button[name='butReOpen']' not found in any frame after 30000ms"
10873,"https://app.pestpac.com/leads/detail.asp?Mode=Edit&SalesOppID=30156&StatusType=","After 2 retries: Selector 'button[name='butReOpen']' not found in any frame after 30000ms"
10875,"https://app.pestpac.com/leads/detail.asp?Mode=Edit&SalesOppID=30164&StatusType=","After 2 retries: Selector 'button[name='butReOpen']' not found in any frame after 30000ms"
10876,"https://app.pestpac.com/leads/detail.asp?Mode=Edit&SalesOppID=30165&StatusType=","After 2 retries: Selector 'button[name='butReOpen']' not found in any frame after 30000ms"
10877,"https://app.pestpac.com/leads/detail.asp?Mode=Edit&SalesOppID=30166&StatusType=","After 2 retries: Selector 'button[name='butReOpen']' not found in any frame after 30000ms"
10878,"https://app.pestpac.com/leads/detail.asp?Mode=Edit&SalesOppID=30167&StatusType=","After 2 retries: Selector 'button[name='butReOpen']' not found in any frame after 30000ms"
10879,"https://app.pestpac.com/leads/detail.asp?Mode=Edit&SalesOppID=30169&StatusType=","After 2 retries: Selector 'button[name='butReOpen']' not found in any frame after 30000ms"
10880,"https://app.pestpac.com/leads/detail.asp?Mode=Edit&SalesOppID=30258&StatusType=","After 2 retries: Selector 'button[name='butReOpen']' not found in any frame after 30000ms"
10988,"https://app.pestpac.com/leads/detail.asp?Mode=Edit&SalesOppID=33236&StatusType=","After 2 retries: Selector 'button[name='butReOpen']' not found in any frame after 30000ms"
10994,"https://app.pestpac.com/leads/detail.asp?Mode=Edit&SalesOppID=33140&StatusType=","After 2 retries: Selector 'button[name='butReOpen']' not found in any frame after 30000ms"
10996,"https://app.pestpac.com/leads/detail.asp?Mode=Edit&SalesOppID=33395&StatusType=","After 2 retries: Selector 'button[name='butReOpen']' not found in any frame after 30000ms"
11029,"https://app.pestpac.com/leads/detail.asp?Mode=Edit&SalesOppID=34616&StatusType=","After 2 retries: Selector 'button[name='butReOpen']' not found in any frame after 30000ms"
11073,"https://app.pestpac.com/leads/detail.asp?Mode=Edit&SalesOppID=35876&StatusType=","After 2 retries: Selector 'button[name='butReOpen']' not found in any frame after 30000ms"
11075,"https://app.pestpac.com/leads/detail.asp?Mode=Edit&SalesOppID=35590&StatusType=","After 2 retries: Selector 'button[name='butReOpen']' not found in any frame after 30000ms"
11178,"https://app.pestpac.com/leads/detail.asp?Mode=Edit&SalesOppID=42046&StatusType=","After 2 retries: Selector 'button[name='butReOpen']' not found in any frame after 30000ms"
11181,"https://app.pestpac.com/leads/detail.asp?Mode=Edit&SalesOppID=42057&StatusType=","After 2 retries: Selector 'button[name='butReOpen']' not found in any frame after 30000ms"
11183,"https://app.pestpac.com/leads/detail.asp?Mode=Edit&SalesOppID=37884&StatusType=","After 2 retries: Selector 'button[name='butReOpen']' not found in any frame after 30000ms"
11190,"https://app.pestpac.com/leads/detail.asp?Mode=Edit&SalesOppID=38001&StatusType=","After 2 retries: Selector 'button[name='butReOpen']' not found in any frame after 30000ms"
11191,"https://app.pestpac.com/leads/detail.asp?Mode=Edit&SalesOppID=38948&StatusType=","After 2 retries: Selector 'button[name='butReOpen']' not found in any frame after 30000ms"
11194,"https://app.pestpac.com/leads/detail.asp?Mode=Edit&SalesOppID=38953&StatusType=","After 2 retries: Selector 'button[name='butReOpen']' not found in any frame after 30000ms"
11241,"https://app.pestpac.com/leads/detail.asp?Mode=Edit&SalesOppID=41550&StatusType=","After 2 retries: Selector 'button[name='butReOpen']' not found in any frame after 30000ms"
11242,"https://app.pestpac.com/leads/detail.asp?Mode=Edit&SalesOppID=41551&StatusType=","After 2 retries: Selector 'button[name='butReOpen']' not found in any frame after 30000ms"
11243,"https://app.pestpac.com/leads/detail.asp?Mode=Edit&SalesOppID=41554&StatusType=","After 2 retries: Selector 'button[name='butReOpen']' not found in any frame after 30000ms"
11244,"https://app.pestpac.com/leads/detail.asp?Mode=Edit&SalesOppID=41557&StatusType=","After 2 retries: Selector 'button[name='butReOpen']' not found in any frame after 30000ms"
11245,"https://app.pestpac.com/leads/detail.asp?Mode=Edit&SalesOppID=41667&StatusType=","After 2 retries: Selector 'button[name='butReOpen']' not found in any frame after 30000ms"
11246,"https://app.pestpac.com/leads/detail.asp?Mode=Edit&SalesOppID=41270&StatusType=","After 2 retries: Selector 'button[name='butReOpen']' not found in any frame after 30000ms"
11282,"https://app.pestpac.com/leads/detail.asp?Mode=Edit&SalesOppID=41895&StatusType=","After 2 retries: Selector 'button[name='butReOpen']' not found in any frame after 30000ms"
11416,"https://app.pestpac.com/leads/detail.asp?Mode=Edit&SalesOppID=42518&StatusType=","After 2 retries: Selector 'button[name='butReOpen']' not found in any frame after 30000ms"
11465,"https://app.pestpac.com/leads/detail.asp?Mode=Edit&SalesOppID=42357&StatusType=","After 2 retries: Selector 'button[name='butReOpen']' not found in any frame after 30000ms"
11501,"https://app.pestpac.com/leads/detail.asp?Mode=Edit&SalesOppID=60715&StatusType=","After 2 retries: Selector 'button[name='butReOpen']' not found in any frame after 30000ms"
11513,"https://app.pestpac.com/leads/detail.asp?Mode=Edit&SalesOppID=61765&StatusType=","After 2 retries: Selector 'button[name='butReOpen']' not found in any frame after 30000ms"
11580,"https://app.pestpac.com/leads/detail.asp?Mode=Edit&SalesOppID=59619&StatusType=","After 2 retries: Selector 'button[name='butReOpen']' not found in any frame after 30000ms"
11601,"https://app.pestpac.com/leads/detail.asp?Mode=Edit&SalesOppID=60843&StatusType=","After 2 retries: Selector 'button[name='butReOpen']' not found in any frame after 30000ms"
11602,"https://app.pestpac.com/leads/detail.asp?Mode=Edit&SalesOppID=60844&StatusType=","After 2 retries: Selector 'button[name='butReOpen']' not found in any frame after 30000ms"
11603,"https://app.pestpac.com/leads/detail.asp?Mode=Edit&SalesOppID=59066&StatusType=","After 2 retries: Selector 'button[name='butReOpen']' not found in any frame after 30000ms"
11604,"https://app.pestpac.com/leads/detail.asp?Mode=Edit&SalesOppID=59072&StatusType=","After 2 retries: Selector 'button[name='butReOpen']' not found in any frame after 30000ms"
11605,"https://app.pestpac.com/leads/detail.asp?Mode=Edit&SalesOppID=58949&StatusType=","After 2 retries: Selector 'button[name='butReOpen']' not found in any frame after 30000ms"
11606,"https://app.pestpac.com/leads/detail.asp?Mode=Edit&SalesOppID=59078&StatusType=","After 2 retries: Selector 'button[name='butReOpen']' not found in any frame after 30000ms"
11607,"https://app.pestpac.com/leads/detail.asp?Mode=Edit&SalesOppID=59085&StatusType=","After 2 retries: Selector 'button[name='butReOpen']' not found in any frame after 30000ms"
11609,"https://app.pestpac.com/leads/detail.asp?Mode=Edit&SalesOppID=59053&StatusType=","After 2 retries: Selector 'button[name='butReOpen']' not found in any frame after 30000ms"
11610,"https://app.pestpac.com/leads/detail.asp?Mode=Edit&SalesOppID=60754&StatusType=","After 2 retries: Selector 'button[name='butReOpen']' not found in any frame after 30000ms"
11611,"https://app.pestpac.com/leads/detail.asp?Mode=Edit&SalesOppID=60783&StatusType=","After 2 retries: Selector 'button[name='butReOpen']' not found in any frame after 30000ms"
11637,"https://app.pestpac.com/leads/detail.asp?Mode=Edit&SalesOppID=59799&StatusType=","After 2 retries: Selector 'button[name='butReOpen']' not found in any frame after 30000ms"
11641,"https://app.pestpac.com/leads/detail.asp?Mode=Edit&SalesOppID=59223&StatusType=","After 2 retries: Selector 'button[name='butReOpen']' not found in any frame after 30000ms"
11642,"https://app.pestpac.com/leads/detail.asp?Mode=Edit&SalesOppID=59221&StatusType=","After 2 retries: Selector 'button[name='butReOpen']' not found in any frame after 30000ms"
11643,"https://app.pestpac.com/leads/detail.asp?Mode=Edit&SalesOppID=59187&StatusType=","After 2 retries: Selector 'button[name='butReOpen']' not found in any frame after 30000ms"
11644,"https://app.pestpac.com/leads/detail.asp?Mode=Edit&SalesOppID=59199&StatusType=","After 2 retries: Selector 'button[name='butReOpen']' not found in any frame after 30000ms"
11645,"https://app.pestpac.com/leads/detail.asp?Mode=Edit&SalesOppID=59200&StatusType=","After 2 retries: Selector 'button[name='butReOpen']' not found in any frame after 30000ms"
11646,"https://app.pestpac.com/leads/detail.asp?Mode=Edit&SalesOppID=59201&StatusType=","After 2 retries: Selector 'button[name='butReOpen']' not found in any frame after 30000ms"
11647,"https://app.pestpac.com/leads/detail.asp?Mode=Edit&SalesOppID=59206&StatusType=","After 2 retries: Selector 'button[name='butReOpen']' not found in any frame after 30000ms"
11648,"https://app.pestpac.com/leads/detail.asp?Mode=Edit&SalesOppID=65390&StatusType=","After 2 retries: Selector 'button[name='butReOpen']' not found in any frame after 30000ms"
11649,"https://app.pestpac.com/leads/detail.asp?Mode=Edit&SalesOppID=65380&StatusType=","After 2 retries: Selector 'button[name='butReOpen']' not found in any frame after 30000ms"
11650,"https://app.pestpac.com/leads/detail.asp?Mode=Edit&SalesOppID=65383&StatusType=","After 2 retries: Selector 'button[name='butReOpen']' not found in any frame after 30000ms"
11741,"https://app.pestpac.com/leads/detail.asp?Mode=Edit&SalesOppID=63810&StatusType=","After 2 retries: Selector 'button[name='butReOpen']' not found in any frame after 30000ms"
11742,"https://app.pestpac.com/leads/detail.asp?Mode=Edit&SalesOppID=63801&StatusType=","After 2 retries: Selector 'button[name='butReOpen']' not found in any frame after 30000ms"
11743,"https://app.pestpac.com/leads/detail.asp?Mode=Edit&SalesOppID=63796&StatusType=","After 2 retries: Selector 'button[name='butReOpen']' not found in any frame after 30000ms"
11744,"https://app.pestpac.com/leads/detail.asp?Mode=Edit&SalesOppID=62372&StatusType=","After 2 retries: Selector 'button[name='butReOpen']' not found in any frame after 30000ms"
11745,"https://app.pestpac.com/leads/detail.asp?Mode=Edit&SalesOppID=62373&StatusType=","After 2 retries: Selector 'button[name='butReOpen']' not found in any frame after 30000ms"
11746,"https://app.pestpac.com/leads/detail.asp?Mode=Edit&SalesOppID=62256&StatusType=","After 2 retries: Selector 'button[name='butReOpen']' not found in any frame after 30000ms"
11747,"https://app.pestpac.com/leads/detail.asp?Mode=Edit&SalesOppID=62194&StatusType=","After 2 retries: Selector 'button[name='butReOpen']' not found in any frame after 30000ms"
11748,"https://app.pestpac.com/leads/detail.asp?Mode=Edit&SalesOppID=62631&StatusType=","After 2 retries: Selector 'button[name='butReOpen']' not found in any frame after 30000ms"
11749,"https://app.pestpac.com/leads/detail.asp?Mode=Edit&SalesOppID=62215&StatusType=","After 2 retries: Selector 'button[name='butReOpen']' not found in any frame after 30000ms"
11750,"https://app.pestpac.com/leads/detail.asp?Mode=Edit&SalesOppID=62622&StatusType=","After 2 retries: Selector 'button[name='butReOpen']' not found in any frame after 30000ms"
11763,"https://app.pestpac.com/leads/detail.asp?Mode=Edit&SalesOppID=61835&StatusType=","After 2 retries: Selector 'button[name='butReOpen']' not found in any frame after 30000ms"
11772,"https://app.pestpac.com/leads/detail.asp?Mode=Edit&SalesOppID=63709&StatusType=","After 2 retries: Selector 'button[name='butReOpen']' not found in any frame after 30000ms"
11775,"https://app.pestpac.com/leads/detail.asp?Mode=Edit&SalesOppID=61686&StatusType=","After 2 retries: Selector 'button[name='butReOpen']' not found in any frame after 30000ms"
11778,"https://app.pestpac.com/leads/detail.asp?Mode=Edit&SalesOppID=61694&StatusType=","After 2 retries: Selector 'button[name='butReOpen']' not found in any frame after 30000ms"
11811,"https://app.pestpac.com/leads/detail.asp?Mode=Edit&SalesOppID=62694&StatusType=","After 2 retries: Selector 'button[name='butReOpen']' not found in any frame after 30000ms"
11813,"https://app.pestpac.com/leads/detail.asp?Mode=Edit&SalesOppID=63702&StatusType=","After 2 retries: Selector 'button[name='butReOpen']' not found in any frame after 30000ms"
11819,"https://app.pestpac.com/leads/detail.asp?Mode=Edit&SalesOppID=62088&StatusType=","After 2 retries: Selector 'button[name='butReOpen']' not found in any frame after 30000ms"
11820,"https://app.pestpac.com/leads/detail.asp?Mode=Edit&SalesOppID=61933&StatusType=","After 2 retries: Selector 'button[name='butReOpen']' not found in any frame after 30000ms"
11823,"https://app.pestpac.com/leads/detail.asp?Mode=Edit&SalesOppID=61888&StatusType=","After 2 retries: Selector 'button[name='butReOpen']' not found in any frame after 30000ms"
11913,"https://app.pestpac.com/leads/detail.asp?Mode=Edit&SalesOppID=64580&StatusType=","After 2 retries: locator.click: Timeout 30000ms exceeded.
Call log:
[2m  - waiting for locator('button[name='butReOpen'"
11914,"https://app.pestpac.com/leads/detail.asp?Mode=Edit&SalesOppID=64582&StatusType=","After 2 retries: Selector 'button[name='butReOpen']' not found in any frame after 30000ms"
11922,"https://app.pestpac.com/leads/detail.asp?Mode=Edit&SalesOppID=63974&StatusType=","After 2 retries: Selector 'button[name='butReOpen']' not found in any frame after 30000ms"
11927,"https://app.pestpac.com/leads/detail.asp?Mode=Edit&SalesOppID=66911&StatusType=","After 2 retries: Selector 'button[name='butReOpen']' not found in any frame after 30000ms"
11995,"https://app.pestpac.com/leads/detail.asp?Mode=Edit&SalesOppID=63878&StatusType=","After 2 retries: Selector 'button[name='butReOpen']' not found in any frame after 30000ms"
12078,"https://app.pestpac.com/leads/detail.asp?Mode=Edit&SalesOppID=67620&StatusType=","After 2 retries: Selector 'button[name='butReOpen']' not found in any frame after 30000ms"
12334,"https://app.pestpac.com/leads/detail.asp?Mode=Edit&SalesOppID=68700&StatusType=","After 2 retries: Selector 'button[name='butReOpen']' not found in any frame after 30000ms"
12337,"https://app.pestpac.com/leads/detail.asp?Mode=Edit&SalesOppID=68713&StatusType=","After 2 retries: Selector 'button[name='butReOpen']' not found in any frame after 30000ms"
12374,"https://app.pestpac.com/leads/detail.asp?Mode=Edit&SalesOppID=67981&StatusType=","After 2 retries: Selector 'button[name='butReOpen']' not found in any frame after 30000ms"
12399,"https://app.pestpac.com/leads/detail.asp?Mode=Edit&SalesOppID=68927&StatusType=","After 2 retries: Selector 'button[name='butReOpen']' not found in any frame after 30000ms"
12423,"https://app.pestpac.com/leads/detail.asp?Mode=Edit&SalesOppID=69265&StatusType=","After 2 retries: Selector 'button[name='butReOpen']' not found in any frame after 30000ms"
12485,"https://app.pestpac.com/leads/detail.asp?Mode=Edit&SalesOppID=70978&StatusType=","After 2 retries: Selector 'button[name='butReOpen']' not found in any frame after 30000ms"
12489,"https://app.pestpac.com/leads/detail.asp?Mode=Edit&SalesOppID=72333&StatusType=","After 2 retries: Selector 'button[name='butReOpen']' not found in any frame after 30000ms"
12511,"https://app.pestpac.com/leads/detail.asp?Mode=Edit&SalesOppID=72089&StatusType=","After 2 retries: Selector 'button[name='butReOpen']' not found in any frame after 30000ms"
12512,"https://app.pestpac.com/leads/detail.asp?Mode=Edit&SalesOppID=72055&StatusType=","After 2 retries: Selector 'button[name='butReOpen']' not found in any frame after 30000ms"
12513,"https://app.pestpac.com/leads/detail.asp?Mode=Edit&SalesOppID=72065&StatusType=","After 2 retries: Selector 'button[name='butReOpen']' not found in any frame after 30000ms"
12514,"https://app.pestpac.com/leads/detail.asp?Mode=Edit&SalesOppID=70904&StatusType=","After 2 retries: Selector 'button[name='butReOpen']' not found in any frame after 30000ms"
12515,"https://app.pestpac.com/leads/detail.asp?Mode=Edit&SalesOppID=70891&StatusType=","After 2 retries: Selector 'button[name='butReOpen']' not found in any frame after 30000ms"
12516,"https://app.pestpac.com/leads/detail.asp?Mode=Edit&SalesOppID=70865&StatusType=","After 2 retries: Selector 'button[name='butReOpen']' not found in any frame after 30000ms"
12517,"https://app.pestpac.com/leads/detail.asp?Mode=Edit&SalesOppID=70879&StatusType=","After 2 retries: Selector 'button[name='butReOpen']' not found in any frame after 30000ms"
12518,"https://app.pestpac.com/leads/detail.asp?Mode=Edit&SalesOppID=70873&StatusType=","After 2 retries: Selector 'button[name='butReOpen']' not found in any frame after 30000ms"
12519,"https://app.pestpac.com/leads/detail.asp?Mode=Edit&SalesOppID=70876&StatusType=","After 2 retries: Selector 'button[name='butReOpen']' not found in any frame after 30000ms"
12520,"https://app.pestpac.com/leads/detail.asp?Mode=Edit&SalesOppID=70920&StatusType=","After 2 retries: Selector 'button[name='butReOpen']' not found in any frame after 30000ms"
12542,"https://app.pestpac.com/leads/detail.asp?Mode=Edit&SalesOppID=71499&StatusType=","After 2 retries: Selector 'button[name='butReOpen']' not found in any frame after 30000ms"
12641,"https://app.pestpac.com/leads/detail.asp?Mode=Edit&SalesOppID=73645&StatusType=","After 2 retries: Selector 'button[name='butReOpen']' not found in any frame after 30000ms"
12642,"https://app.pestpac.com/leads/detail.asp?Mode=Edit&SalesOppID=73638&StatusType=","After 2 retries: Selector 'button[name='butReOpen']' not found in any frame after 30000ms"
12643,"https://app.pestpac.com/leads/detail.asp?Mode=Edit&SalesOppID=73693&StatusType=","After 2 retries: Selector 'button[name='butReOpen']' not found in any frame after 30000ms"
12644,"https://app.pestpac.com/leads/detail.asp?Mode=Edit&SalesOppID=72829&StatusType=","After 2 retries: Selector 'button[name='butReOpen']' not found in any frame after 30000ms"
12645,"https://app.pestpac.com/leads/detail.asp?Mode=Edit&SalesOppID=72851&StatusType=","After 2 retries: Selector 'button[name='butReOpen']' not found in any frame after 30000ms"
12646,"https://app.pestpac.com/leads/detail.asp?Mode=Edit&SalesOppID=72873&StatusType=","After 2 retries: Selector 'button[name='butReOpen']' not found in any frame after 30000ms"
12647,"https://app.pestpac.com/leads/detail.asp?Mode=Edit&SalesOppID=72844&StatusType=","After 2 retries: Selector 'button[name='butReOpen']' not found in any frame after 30000ms"
12648,"https://app.pestpac.com/leads/detail.asp?Mode=Edit&SalesOppID=72839&StatusType=","After 2 retries: Selector 'button[name='butReOpen']' not found in any frame after 30000ms"
12649,"https://app.pestpac.com/leads/detail.asp?Mode=Edit&SalesOppID=72892&StatusType=","After 2 retries: Selector 'button[name='butReOpen']' not found in any frame after 30000ms"
12650,"https://app.pestpac.com/leads/detail.asp?Mode=Edit&SalesOppID=72895&StatusType=","After 2 retries: Selector 'button[name='butReOpen']' not found in any frame after 30000ms"
12821,"https://app.pestpac.com/leads/detail.asp?Mode=Edit&SalesOppID=75889&StatusType=","After 2 retries: Selector 'button[name='butReOpen']' not found in any frame after 30000ms"
12822,"https://app.pestpac.com/leads/detail.asp?Mode=Edit&SalesOppID=74672&StatusType=","After 2 retries: Selector 'button[name='butReOpen']' not found in any frame after 30000ms"
12823,"https://app.pestpac.com/leads/detail.asp?Mode=Edit&SalesOppID=75901&StatusType=","After 2 retries: Selector 'button[name='butReOpen']' not found in any frame after 30000ms"
12824,"https://app.pestpac.com/leads/detail.asp?Mode=Edit&SalesOppID=75872&StatusType=","After 2 retries: Selector 'button[name='butReOpen']' not found in any frame after 30000ms"
12825,"https://app.pestpac.com/leads/detail.asp?Mode=Edit&SalesOppID=74547&StatusType=","After 2 retries: Selector 'button[name='butReOpen']' not found in any frame after 30000ms"
12827,"https://app.pestpac.com/leads/detail.asp?Mode=Edit&SalesOppID=74526&StatusType=","After 2 retries: Selector 'button[name='butReOpen']' not found in any frame after 30000ms"
12830,"https://app.pestpac.com/leads/detail.asp?Mode=Edit&SalesOppID=74479&StatusType=","After 2 retries: Selector 'button[name='butReOpen']' not found in any frame after 30000ms"
12831,"https://app.pestpac.com/leads/detail.asp?Mode=Edit&SalesOppID=74480&StatusType=","After 2 retries: Selector 'button[name='butReOpen']' not found in any frame after 30000ms"
12835,"https://app.pestpac.com/leads/detail.asp?Mode=Edit&SalesOppID=74734&StatusType=","After 2 retries: Selector 'button[name='butReOpen']' not found in any frame after 30000ms"
12888,"https://app.pestpac.com/leads/detail.asp?Mode=Edit&SalesOppID=74181&StatusType=","After 2 retries: Selector 'button[name='butReOpen']' not found in any frame after 30000ms"
12911,"https://app.pestpac.com/leads/detail.asp?Mode=Edit&SalesOppID=74972&StatusType=","After 2 retries: Selector 'button[name='butReOpen']' not found in any frame after 30000ms"
12912,"https://app.pestpac.com/leads/detail.asp?Mode=Edit&SalesOppID=74477&StatusType=","After 2 retries: Selector 'button[name='butReOpen']' not found in any frame after 30000ms"
12913,"https://app.pestpac.com/leads/detail.asp?Mode=Edit&SalesOppID=74470&StatusType=","After 2 retries: Selector 'button[name='butReOpen']' not found in any frame after 30000ms"
12914,"https://app.pestpac.com/leads/detail.asp?Mode=Edit&SalesOppID=75659&StatusType=","After 2 retries: Selector 'button[name='butReOpen']' not found in any frame after 30000ms"
12915,"https://app.pestpac.com/leads/detail.asp?Mode=Edit&SalesOppID=74418&StatusType=","After 2 retries: Selector 'button[name='butReOpen']' not found in any frame after 30000ms"
12916,"https://app.pestpac.com/leads/detail.asp?Mode=Edit&SalesOppID=74439&StatusType=","After 2 retries: Selector 'button[name='butReOpen']' not found in any frame after 30000ms"
12917,"https://app.pestpac.com/leads/detail.asp?Mode=Edit&SalesOppID=74400&StatusType=","After 2 retries: Selector 'button[name='butReOpen']' not found in any frame after 30000ms"
12918,"https://app.pestpac.com/leads/detail.asp?Mode=Edit&SalesOppID=74393&StatusType=","After 2 retries: Selector 'button[name='butReOpen']' not found in any frame after 30000ms"
12919,"https://app.pestpac.com/leads/detail.asp?Mode=Edit&SalesOppID=74406&StatusType=","After 2 retries: Selector 'button[name='butReOpen']' not found in any frame after 30000ms"
12920,"https://app.pestpac.com/leads/detail.asp?Mode=Edit&SalesOppID=74456&StatusType=","After 2 retries: Selector 'button[name='butReOpen']' not found in any frame after 30000ms"
13023,"https://app.pestpac.com/leads/detail.asp?Mode=Edit&SalesOppID=77784&StatusType=","After 2 retries: Selector 'button[name='butReOpen']' not found in any frame after 30000ms"
13053,"https://app.pestpac.com/leads/detail.asp?Mode=Edit&SalesOppID=78300&StatusType=","After 2 retries: Selector 'button[name='butReOpen']' not found in any frame after 30000ms"
13138,"https://app.pestpac.com/leads/detail.asp?Mode=Edit&SalesOppID=78473&StatusType=","After 2 retries: Selector 'button[name='butReOpen']' not found in any frame after 30000ms"
13159,"https://app.pestpac.com/leads/detail.asp?Mode=Edit&SalesOppID=93058&StatusType=","After 2 retries: Selector 'button[name='butReOpen']' not found in any frame after 30000ms"
13234,"https://app.pestpac.com/leads/detail.asp?Mode=Edit&SalesOppID=104732&StatusType=","After 2 retries: Selector 'button[name='butReOpen']' not found in any frame after 30000ms"
13238,"https://app.pestpac.com/leads/detail.asp?Mode=Edit&SalesOppID=103466&StatusType=","After 2 retries: Selector 'button[name='butReOpen']' not found in any frame after 30000ms"
13377,"https://app.pestpac.com/leads/detail.asp?Mode=Edit&SalesOppID=105874&StatusType=","After 2 retries: Selector 'button[name='butReOpen']' not found in any frame after 30000ms"
13379,"https://app.pestpac.com/leads/detail.asp?Mode=Edit&SalesOppID=109287&StatusType=","After 2 retries: Selector 'button[name='butReOpen']' not found in any frame after 30000ms"
13471,"https://app.pestpac.com/leads/detail.asp?Mode=Edit&SalesOppID=110790&StatusType=","After 2 retries: Selector 'button[name='butReOpen']' not found in any frame after 30000ms"
13516,"https://app.pestpac.com/leads/detail.asp?Mode=Edit&SalesOppID=107333&StatusType=","After 2 retries: Selector 'button[name='butReOpen']' not found in any frame after 30000ms"
13608,"https://app.pestpac.com/leads/detail.asp?Mode=Edit&SalesOppID=113082&StatusType=","After 2 retries: Selector 'button[name='butReOpen']' not found in any frame after 30000ms"
13720,"https://app.pestpac.com/leads/detail.asp?Mode=Edit&SalesOppID=32949&StatusType=","After 2 retries: Selector 'button[name='butReOpen']' not found in any frame after 30000ms"
13791,"https://app.pestpac.com/leads/detail.asp?Mode=Edit&SalesOppID=75730&StatusType=","After 2 retries: Selector 'button[name='butReOpen']' not found in any frame after 30000ms"
13792,"https://app.pestpac.com/leads/detail.asp?Mode=Edit&SalesOppID=74977&StatusType=","After 2 retries: Selector 'button[name='butReOpen']' not found in any frame after 30000ms"
13793,"https://app.pestpac.com/leads/detail.asp?Mode=Edit&SalesOppID=74979&StatusType=","After 2 retries: Selector 'button[name='butReOpen']' not found in any frame after 30000ms"
13794,"https://app.pestpac.com/leads/detail.asp?Mode=Edit&SalesOppID=74065&StatusType=","After 2 retries: Selector 'button[name='butReOpen']' not found in any frame after 30000ms"
13795,"https://app.pestpac.com/leads/detail.asp?Mode=Edit&SalesOppID=74116&StatusType=","After 2 retries: Selector 'button[name='butReOpen']' not found in any frame after 30000ms"
13796,"https://app.pestpac.com/leads/detail.asp?Mode=Edit&SalesOppID=75478&StatusType=","After 2 retries: Selector 'button[name='butReOpen']' not found in any frame after 30000ms"
13797,"https://app.pestpac.com/leads/detail.asp?Mode=Edit&SalesOppID=73756&StatusType=","After 2 retries: Selector 'button[name='butReOpen']' not found in any frame after 30000ms"
13798,"https://app.pestpac.com/leads/detail.asp?Mode=Edit&SalesOppID=73782&StatusType=","After 2 retries: Selector 'button[name='butReOpen']' not found in any frame after 30000ms"
13799,"https://app.pestpac.com/leads/detail.asp?Mode=Edit&SalesOppID=73222&StatusType=","After 2 retries: Selector 'button[name='butReOpen']' not found in any frame after 30000ms"
13800,"https://app.pestpac.com/leads/detail.asp?Mode=Edit&SalesOppID=74298&StatusType=","After 2 retries: Selector 'button[name='butReOpen']' not found in any frame after 30000ms"
13822,"https://app.pestpac.com/leads/detail.asp?Mode=Edit&SalesOppID=69079&StatusType=","After 2 retries: Selector 'button[name='butReOpen']' not found in any frame after 30000ms"
13824,"https://app.pestpac.com/leads/detail.asp?Mode=Edit&SalesOppID=68803&StatusType=","After 2 retries: Selector 'button[name='butReOpen']' not found in any frame after 30000ms"
13829,"https://app.pestpac.com/leads/detail.asp?Mode=Edit&SalesOppID=70777&StatusType=","After 2 retries: Selector 'button[name='butReOpen']' not found in any frame after 30000ms"
13830,"https://app.pestpac.com/leads/detail.asp?Mode=Edit&SalesOppID=68685&StatusType=","After 2 retries: Selector 'button[name='butReOpen']' not found in any frame after 30000ms"
13867,"https://app.pestpac.com/leads/detail.asp?Mode=Edit&SalesOppID=61920&StatusType=","After 2 retries: Selector 'button[name='butReOpen']' not found in any frame after 30000ms"
13868,"https://app.pestpac.com/leads/detail.asp?Mode=Edit&SalesOppID=70086&StatusType=","After 2 retries: Selector 'button[name='butReOpen']' not found in any frame after 30000ms"
13869,"https://app.pestpac.com/leads/detail.asp?Mode=Edit&SalesOppID=70048&StatusType=","After 2 retries: Selector 'button[name='butReOpen']' not found in any frame after 30000ms"
13870,"https://app.pestpac.com/leads/detail.asp?Mode=Edit&SalesOppID=64872&StatusType=","After 2 retries: Selector 'button[name='butReOpen']' not found in any frame after 30000ms"
13941,"https://app.pestpac.com/leads/detail.asp?Mode=Edit&SalesOppID=26835&StatusType=","After 2 retries: Selector 'button[name='butReOpen']' not found in any frame after 30000ms"
13942,"https://app.pestpac.com/leads/detail.asp?Mode=Edit&SalesOppID=26201&StatusType=","After 2 retries: Selector 'button[name='butReOpen']' not found in any frame after 30000ms"
13943,"https://app.pestpac.com/leads/detail.asp?Mode=Edit&SalesOppID=26392&StatusType=","After 2 retries: Selector 'button[name='butReOpen']' not found in any frame after 30000ms"
13944,"https://app.pestpac.com/leads/detail.asp?Mode=Edit&SalesOppID=26647&StatusType=","After 2 retries: Selector 'button[name='butReOpen']' not found in any frame after 30000ms"
13945,"https://app.pestpac.com/leads/detail.asp?Mode=Edit&SalesOppID=26658&StatusType=","After 2 retries: Selector 'button[name='butReOpen']' not found in any frame after 30000ms"
13946,"https://app.pestpac.com/leads/detail.asp?Mode=Edit&SalesOppID=25076&StatusType=","After 2 retries: Selector 'button[name='butReOpen']' not found in any frame after 30000ms"
13947,"https://app.pestpac.com/leads/detail.asp?Mode=Edit&SalesOppID=24909&StatusType=","After 2 retries: Selector 'button[name='butReOpen']' not found in any frame after 30000ms"
13948,"https://app.pestpac.com/leads/detail.asp?Mode=Edit&SalesOppID=24899&StatusType=","After 2 retries: Selector 'button[name='butReOpen']' not found in any frame after 30000ms"
13949,"https://app.pestpac.com/leads/detail.asp?Mode=Edit&SalesOppID=24964&StatusType=","After 2 retries: Selector 'button[name='butReOpen']' not found in any frame after 30000ms"
13950,"https://app.pestpac.com/leads/detail.asp?Mode=Edit&SalesOppID=23972&StatusType=","After 2 retries: Selector 'button[name='butReOpen']' not found in any frame after 30000ms"
13959,"https://app.pestpac.com/leads/detail.asp?Mode=Edit&SalesOppID=22256&StatusType=","After 2 retries: Selector 'button[name='butReOpen']' not found in any frame after 30000ms"
14063,"https://app.pestpac.com/leads/detail.asp?Mode=Edit&SalesOppID=50165&StatusType=","After 2 retries: Selector 'button[name='butReOpen']' not found in any frame after 30000ms"
14064,"https://app.pestpac.com/leads/detail.asp?Mode=Edit&SalesOppID=47879&StatusType=","After 2 retries: Selector 'button[name='butReOpen']' not found in any frame after 30000ms"
14065,"https://app.pestpac.com/leads/detail.asp?Mode=Edit&SalesOppID=44236&StatusType=","After 2 retries: Selector 'button[name='butReOpen']' not found in any frame after 30000ms"
14070,"https://app.pestpac.com/leads/detail.asp?Mode=Edit&SalesOppID=45010&StatusType=","After 2 retries: Selector 'button[name='butReOpen']' not found in any frame after 30000ms"
14083,"https://app.pestpac.com/leads/detail.asp?Mode=Edit&SalesOppID=43943&StatusType=","After 2 retries: Selector 'button[name='butReOpen']' not found in any frame after 30000ms"
14119,"https://app.pestpac.com/leads/detail.asp?Mode=Edit&SalesOppID=697&StatusType=","After 2 retries: Selector 'button[name='butReOpen']' not found in any frame after 30000ms"
14120,"https://app.pestpac.com/leads/detail.asp?Mode=Edit&SalesOppID=984&StatusType=","After 2 retries: Selector 'button[name='butReOpen']' not found in any frame after 30000ms"
14121,"https://app.pestpac.com/leads/detail.asp?Mode=Edit&SalesOppID=2820&StatusType=","After 2 retries: Selector 'button[name='butReOpen']' not found in any frame after 30000ms"
14122,"https://app.pestpac.com/leads/detail.asp?Mode=Edit&SalesOppID=2811&StatusType=","After 2 retries: Selector 'button[name='butReOpen']' not found in any frame after 30000ms"
14123,"https://app.pestpac.com/leads/detail.asp?Mode=Edit&SalesOppID=1959&StatusType=","After 2 retries: Selector 'button[name='butReOpen']' not found in any frame after 30000ms"
14124,"https://app.pestpac.com/leads/detail.asp?Mode=Edit&SalesOppID=3826&StatusType=","After 2 retries: Selector 'button[name='butReOpen']' not found in any frame after 30000ms"
14125,"https://app.pestpac.com/leads/detail.asp?Mode=Edit&SalesOppID=3839&StatusType=","After 2 retries: Selector 'button[name='butReOpen']' not found in any frame after 30000ms"
14126,"https://app.pestpac.com/leads/detail.asp?Mode=Edit&SalesOppID=8623&StatusType=","After 2 retries: Selector 'button[name='butReOpen']' not found in any frame after 30000ms"
14127,"https://app.pestpac.com/leads/detail.asp?Mode=Edit&SalesOppID=10231&StatusType=","After 2 retries: Selector 'button[name='butReOpen']' not found in any frame after 30000ms"
14128,"https://app.pestpac.com/leads/detail.asp?Mode=Edit&SalesOppID=11505&StatusType=","After 2 retries: Selector 'button[name='butReOpen']' not found in any frame after 30000ms"
14129,"https://app.pestpac.com/leads/detail.asp?Mode=Edit&SalesOppID=13165&StatusType=","After 2 retries: Selector 'button[name='butReOpen']' not found in any frame after 30000ms"
14130,"https://app.pestpac.com/leads/detail.asp?Mode=Edit&SalesOppID=13181&StatusType=","After 2 retries: Selector 'button[name='butReOpen']' not found in any frame after 30000ms"
14132,"https://app.pestpac.com/leads/detail.asp?Mode=Edit&SalesOppID=20025&StatusType=","After 2 retries: Selector 'button[name='butReOpen']' not found in any frame after 30000ms"
14133,"https://app.pestpac.com/leads/detail.asp?Mode=Edit&SalesOppID=19723&StatusType=","After 2 retries: Selector 'button[name='butReOpen']' not found in any frame after 30000ms"
14134,"https://app.pestpac.com/leads/detail.asp?Mode=Edit&SalesOppID=19818&StatusType=","After 2 retries: Selector 'button[name='butReOpen']' not found in any frame after 30000ms"
14135,"https://app.pestpac.com/leads/detail.asp?Mode=Edit&SalesOppID=23168&StatusType=","After 2 retries: Selector 'button[name='butReOpen']' not found in any frame after 30000ms"
14136,"https://app.pestpac.com/leads/detail.asp?Mode=Edit&SalesOppID=24567&StatusType=","After 2 retries: Selector 'button[name='butReOpen']' not found in any frame after 30000ms"
14137,"https://app.pestpac.com/leads/detail.asp?Mode=Edit&SalesOppID=25761&StatusType=","After 2 retries: Selector 'button[name='butReOpen']' not found in any frame after 30000ms"
14138,"https://app.pestpac.com/leads/detail.asp?Mode=Edit&SalesOppID=26911&StatusType=","After 2 retries: Selector 'button[name='butReOpen']' not found in any frame after 30000ms"
14139,"https://app.pestpac.com/leads/detail.asp?Mode=Edit&SalesOppID=28711&StatusType=","After 2 retries: Selector 'button[name='butReOpen']' not found in any frame after 30000ms"
14140,"https://app.pestpac.com/leads/detail.asp?Mode=Edit&SalesOppID=28509&StatusType=","After 2 retries: Selector 'button[name='butReOpen']' not found in any frame after 30000ms"
14141,"https://app.pestpac.com/leads/detail.asp?Mode=Edit&SalesOppID=30312&StatusType=","After 2 retries: Selector 'button[name='butReOpen']' not found in any frame after 30000ms"
14142,"https://app.pestpac.com/leads/detail.asp?Mode=Edit&SalesOppID=32480&StatusType=","After 2 retries: Selector 'button[name='butReOpen']' not found in any frame after 30000ms"
14143,"https://app.pestpac.com/leads/detail.asp?Mode=Edit&SalesOppID=32930&StatusType=","After 2 retries: Selector 'button[name='butReOpen']' not found in any frame after 30000ms"
14144,"https://app.pestpac.com/leads/detail.asp?Mode=Edit&SalesOppID=33578&StatusType=","After 2 retries: Selector 'button[name='butReOpen']' not found in any frame after 30000ms"
14145,"https://app.pestpac.com/leads/detail.asp?Mode=Edit&SalesOppID=33490&StatusType=","After 2 retries: Selector 'button[name='butReOpen']' not found in any frame after 30000ms"
14146,"https://app.pestpac.com/leads/detail.asp?Mode=Edit&SalesOppID=33426&StatusType=","After 2 retries: Selector 'button[name='butReOpen']' not found in any frame after 30000ms"
14147,"https://app.pestpac.com/leads/detail.asp?Mode=Edit&SalesOppID=33836&StatusType=","After 2 retries: Selector 'button[name='butReOpen']' not found in any frame after 30000ms"
14148,"https://app.pestpac.com/leads/detail.asp?Mode=Edit&SalesOppID=33847&StatusType=","After 2 retries: Selector 'button[name='butReOpen']' not found in any frame after 30000ms"
14149,"https://app.pestpac.com/leads/detail.asp?Mode=Edit&SalesOppID=34933&StatusType=","After 2 retries: Selector 'button[name='butReOpen']' not found in any frame after 30000ms"
14150,"https://app.pestpac.com/leads/detail.asp?Mode=Edit&SalesOppID=35117&StatusType=","After 2 retries: Selector 'button[name='butReOpen']' not found in any frame after 30000ms"
14151,"https://app.pestpac.com/leads/detail.asp?Mode=Edit&SalesOppID=35272&StatusType=","After 2 retries: Selector 'button[name='butReOpen']' not found in any frame after 30000ms"
14152,"https://app.pestpac.com/leads/detail.asp?Mode=Edit&SalesOppID=36268&StatusType=","After 2 retries: Selector 'button[name='butReOpen']' not found in any frame after 30000ms"
14153,"https://app.pestpac.com/leads/detail.asp?Mode=Edit&SalesOppID=36353&StatusType=","After 2 retries: Selector 'button[name='butReOpen']' not found in any frame after 30000ms"
14154,"https://app.pestpac.com/leads/detail.asp?Mode=Edit&SalesOppID=36358&StatusType=","After 2 retries: Selector 'button[name='butReOpen']' not found in any frame after 30000ms"
14155,"https://app.pestpac.com/leads/detail.asp?Mode=Edit&SalesOppID=35835&StatusType=","After 2 retries: Selector 'button[name='butReOpen']' not found in any frame after 30000ms"
14156,"https://app.pestpac.com/leads/detail.asp?Mode=Edit&SalesOppID=36604&StatusType=","After 2 retries: Selector 'button[name='butReOpen']' not found in any frame after 30000ms"
14157,"https://app.pestpac.com/leads/detail.asp?Mode=Edit&SalesOppID=37286&StatusType=","After 2 retries: Selector 'button[name='butReOpen']' not found in any frame after 30000ms"
14158,"https://app.pestpac.com/leads/detail.asp?Mode=Edit&SalesOppID=39093&StatusType=","After 2 retries: Selector 'button[name='butReOpen']' not found in any frame after 30000ms"
14159,"https://app.pestpac.com/leads/detail.asp?Mode=Edit&SalesOppID=39877&StatusType=","After 2 retries: Selector 'button[name='butReOpen']' not found in any frame after 30000ms"
14160,"https://app.pestpac.com/leads/detail.asp?Mode=Edit&SalesOppID=39895&StatusType=","After 2 retries: Selector 'button[name='butReOpen']' not found in any frame after 30000ms"
14161,"https://app.pestpac.com/leads/detail.asp?Mode=Edit&SalesOppID=41468&StatusType=","After 2 retries: Selector 'button[name='butReOpen']' not found in any frame after 30000ms"
14162,"https://app.pestpac.com/leads/detail.asp?Mode=Edit&SalesOppID=38563&StatusType=","After 2 retries: Selector 'button[name='butReOpen']' not found in any frame after 30000ms"
14191,"https://app.pestpac.com/leads/detail.asp?Mode=Edit&SalesOppID=39881&StatusType=","After 2 retries: Selector 'button[name='butReOpen']' not found in any frame after 30000ms"
14192,"https://app.pestpac.com/leads/detail.asp?Mode=Edit&SalesOppID=39874&StatusType=","After 2 retries: Selector 'button[name='butReOpen']' not found in any frame after 30000ms"
14193,"https://app.pestpac.com/leads/detail.asp?Mode=Edit&SalesOppID=39681&StatusType=","After 2 retries: Selector 'button[name='butReOpen']' not found in any frame after 30000ms"
14194,"https://app.pestpac.com/leads/detail.asp?Mode=Edit&SalesOppID=39440&StatusType=","After 2 retries: Selector 'button[name='butReOpen']' not found in any frame after 30000ms"
14195,"https://app.pestpac.com/leads/detail.asp?Mode=Edit&SalesOppID=39524&StatusType=","After 2 retries: Selector 'button[name='butReOpen']' not found in any frame after 30000ms"
14196,"https://app.pestpac.com/leads/detail.asp?Mode=Edit&SalesOppID=39070&StatusType=","After 2 retries: Selector 'button[name='butReOpen']' not found in any frame after 30000ms"
14197,"https://app.pestpac.com/leads/detail.asp?Mode=Edit&SalesOppID=39109&StatusType=","After 2 retries: Selector 'button[name='butReOpen']' not found in any frame after 30000ms"
14198,"https://app.pestpac.com/leads/detail.asp?Mode=Edit&SalesOppID=39237&StatusType=","After 2 retries: Selector 'button[name='butReOpen']' not found in any frame after 30000ms"
14199,"https://app.pestpac.com/leads/detail.asp?Mode=Edit&SalesOppID=39240&StatusType=","After 2 retries: Selector 'button[name='butReOpen']' not found in any frame after 30000ms"
14216,"https://app.pestpac.com/leads/detail.asp?Mode=Edit&SalesOppID=36697&StatusType=","After 2 retries: Selector 'button[name='butReOpen']' not found in any frame after 30000ms"
14220,"https://app.pestpac.com/leads/detail.asp?Mode=Edit&SalesOppID=35468&StatusType=","After 2 retries: Selector 'button[name='butReOpen']' not found in any frame after 30000ms"
14236,"https://app.pestpac.com/leads/detail.asp?Mode=Edit&SalesOppID=32551&StatusType=","After 2 retries: Selector 'button[name='butReOpen']' not found in any frame after 30000ms"
14240,"https://app.pestpac.com/leads/detail.asp?Mode=Edit&SalesOppID=32265&StatusType=","After 2 retries: Selector 'button[name='butReOpen']' not found in any frame after 30000ms"
14291,"https://app.pestpac.com/leads/detail.asp?Mode=Edit&SalesOppID=25545&StatusType=","After 2 retries: Selector 'button[name='butReOpen']' not found in any frame after 30000ms"
14486,"https://app.pestpac.com/leads/detail.asp?Mode=Edit&SalesOppID=49380&StatusType=","After 2 retries: Selector 'button[name='butReOpen']' not found in any frame after 30000ms"
14488,"https://app.pestpac.com/leads/detail.asp?Mode=Edit&SalesOppID=312&StatusType=","After 2 retries: Selector 'button[name='butReOpen']' not found in any frame after 30000ms"
14561,"https://app.pestpac.com/leads/detail.asp?Mode=Edit&SalesOppID=78248&StatusType=","After 2 retries: Selector 'button[name='butReOpen']' not found in any frame after 30000ms"
14562,"https://app.pestpac.com/leads/detail.asp?Mode=Edit&SalesOppID=78284&StatusType=","After 2 retries: Selector 'button[name='butReOpen']' not found in any frame after 30000ms"
14563,"https://app.pestpac.com/leads/detail.asp?Mode=Edit&SalesOppID=45771&StatusType=","After 2 retries: Selector 'button[name='butReOpen']' not found in any frame after 30000ms"
14565,"https://app.pestpac.com/leads/detail.asp?Mode=Edit&SalesOppID=52594&StatusType=","After 2 retries: Selector 'button[name='butReOpen']' not found in any frame after 30000ms"
14583,"https://app.pestpac.com/leads/detail.asp?Mode=Edit&SalesOppID=47918&StatusType=","After 2 retries: Selector 'button[name='butReOpen']' not found in any frame after 30000ms"
14605,"https://app.pestpac.com/leads/detail.asp?Mode=Edit&SalesOppID=48259&StatusType=","After 2 retries: Selector 'button[name='butReOpen']' not found in any frame after 30000ms"
14628,"https://app.pestpac.com/leads/detail.asp?Mode=Edit&SalesOppID=50676&StatusType=","After 2 retries: Selector 'button[name='butReOpen']' not found in any frame after 30000ms"
14634,"https://app.pestpac.com/leads/detail.asp?Mode=Edit&SalesOppID=56914&StatusType=","After 2 retries: Selector 'button[name='butReOpen']' not found in any frame after 30000ms"
14675,"https://app.pestpac.com/leads/detail.asp?Mode=Edit&SalesOppID=70178&StatusType=","After 2 retries: Selector 'button[name='butReOpen']' not found in any frame after 30000ms"
14721,"https://app.pestpac.com/leads/detail.asp?Mode=Edit&SalesOppID=60755&StatusType=","After 2 retries: Selector 'button[name='butReOpen']' not found in any frame after 30000ms"
14741,"https://app.pestpac.com/leads/detail.asp?Mode=Edit&SalesOppID=62141&StatusType=","After 2 retries: Selector 'button[name='butReOpen']' not found in any frame after 30000ms"
14747,"https://app.pestpac.com/leads/detail.asp?Mode=Edit&SalesOppID=62355&StatusType=","After 2 retries: Selector 'button[name='butReOpen']' not found in any frame after 30000ms"
14831,"https://app.pestpac.com/leads/detail.asp?Mode=Edit&SalesOppID=66827&StatusType=","After 2 retries: Selector 'button[name='butReOpen']' not found in any frame after 30000ms"
14832,"https://app.pestpac.com/leads/detail.asp?Mode=Edit&SalesOppID=67251&StatusType=","After 2 retries: Selector 'button[name='butReOpen']' not found in any frame after 30000ms"
14833,"https://app.pestpac.com/leads/detail.asp?Mode=Edit&SalesOppID=70454&StatusType=","After 2 retries: Selector 'button[name='butReOpen']' not found in any frame after 30000ms"
14834,"https://app.pestpac.com/leads/detail.asp?Mode=Edit&SalesOppID=67783&StatusType=","After 2 retries: Selector 'button[name='butReOpen']' not found in any frame after 30000ms"
14835,"https://app.pestpac.com/leads/detail.asp?Mode=Edit&SalesOppID=66179&StatusType=","After 2 retries: Selector 'button[name='butReOpen']' not found in any frame after 30000ms"
14836,"https://app.pestpac.com/leads/detail.asp?Mode=Edit&SalesOppID=66162&StatusType=","After 2 retries: Selector 'button[name='butReOpen']' not found in any frame after 30000ms"
14837,"https://app.pestpac.com/leads/detail.asp?Mode=Edit&SalesOppID=66150&StatusType=","After 2 retries: Selector 'button[name='butReOpen']' not found in any frame after 30000ms"
14838,"https://app.pestpac.com/leads/detail.asp?Mode=Edit&SalesOppID=66198&StatusType=","After 2 retries: Selector 'button[name='butReOpen']' not found in any frame after 30000ms"
14936,"https://app.pestpac.com/leads/detail.asp?Mode=Edit&SalesOppID=72848&StatusType=","After 2 retries: Selector 'button[name='butReOpen']' not found in any frame after 30000ms"
14971,"https://app.pestpac.com/leads/detail.asp?Mode=Edit&SalesOppID=75453&StatusType=","After 2 retries: Selector 'button[name='butReOpen']' not found in any frame after 30000ms"
14972,"https://app.pestpac.com/leads/detail.asp?Mode=Edit&SalesOppID=75431&StatusType=","After 2 retries: Selector 'button[name='butReOpen']' not found in any frame after 30000ms"
14973,"https://app.pestpac.com/leads/detail.asp?Mode=Edit&SalesOppID=74124&StatusType=","After 2 retries: Selector 'button[name='butReOpen']' not found in any frame after 30000ms"
14979,"https://app.pestpac.com/leads/detail.asp?Mode=Edit&SalesOppID=74465&StatusType=","After 2 retries: Selector 'button[name='butReOpen']' not found in any frame after 30000ms"
14980,"https://app.pestpac.com/leads/detail.asp?Mode=Edit&SalesOppID=74467&StatusType=","After 2 retries: Selector 'button[name='butReOpen']' not found in any frame after 30000ms"
14989,"https://app.pestpac.com/leads/detail.asp?Mode=Edit&SalesOppID=76708&StatusType=","After 2 retries: Selector 'button[name='butReOpen']' not found in any frame after 30000ms"
15011,"https://app.pestpac.com/leads/detail.asp?Mode=Edit&SalesOppID=76189&StatusType=","After 2 retries: Selector 'button[name='butReOpen']' not found in any frame after 30000ms"
15012,"https://app.pestpac.com/leads/detail.asp?Mode=Edit&SalesOppID=77783&StatusType=","After 2 retries: Selector 'button[name='butReOpen']' not found in any frame after 30000ms"
15013,"https://app.pestpac.com/leads/detail.asp?Mode=Edit&SalesOppID=77807&StatusType=","After 2 retries: Selector 'button[name='butReOpen']' not found in any frame after 30000ms"
15014,"https://app.pestpac.com/leads/detail.asp?Mode=Edit&SalesOppID=77531&StatusType=","After 2 retries: Selector 'button[name='butReOpen']' not found in any frame after 30000ms"
15015,"https://app.pestpac.com/leads/detail.asp?Mode=Edit&SalesOppID=76305&StatusType=","After 2 retries: Selector 'button[name='butReOpen']' not found in any frame after 30000ms"
15016,"https://app.pestpac.com/leads/detail.asp?Mode=Edit&SalesOppID=77136&StatusType=","After 2 retries: Selector 'button[name='butReOpen']' not found in any frame after 30000ms"
15017,"https://app.pestpac.com/leads/detail.asp?Mode=Edit&SalesOppID=77150&StatusType=","After 2 retries: Selector 'button[name='butReOpen']' not found in any frame after 30000ms"
15018,"https://app.pestpac.com/leads/detail.asp?Mode=Edit&SalesOppID=77144&StatusType=","After 2 retries: Selector 'button[name='butReOpen']' not found in any frame after 30000ms"
15019,"https://app.pestpac.com/leads/detail.asp?Mode=Edit&SalesOppID=76125&StatusType=","After 2 retries: Selector 'button[name='butReOpen']' not found in any frame after 30000ms"
15020,"https://app.pestpac.com/leads/detail.asp?Mode=Edit&SalesOppID=76180&StatusType=","After 2 retries: Selector 'button[name='butReOpen']' not found in any frame after 30000ms"
15042,"https://app.pestpac.com/leads/detail.asp?Mode=Edit&SalesOppID=94746&StatusType=","After 2 retries: Selector 'button[name='butReOpen']' not found in any frame after 30000ms"
15043,"https://app.pestpac.com/leads/detail.asp?Mode=Edit&SalesOppID=110326&StatusType=","After 2 retries: Selector 'button[name='butReOpen']' not found in any frame after 30000ms"
15044,"https://app.pestpac.com/leads/detail.asp?Mode=Edit&SalesOppID=102494&StatusType=","After 2 retries: Selector 'button[name='butReOpen']' not found in any frame after 30000ms"
15045,"https://app.pestpac.com/leads/detail.asp?Mode=Edit&SalesOppID=92849&StatusType=","After 2 retries: Selector 'button[name='butReOpen']' not found in any frame after 30000ms"
15046,"https://app.pestpac.com/leads/detail.asp?Mode=Edit&SalesOppID=111604&StatusType=","After 2 retries: Selector 'button[name='butReOpen']' not found in any frame after 30000ms"
15047,"https://app.pestpac.com/leads/detail.asp?Mode=Edit&SalesOppID=111113&StatusType=","After 2 retries: Selector 'button[name='butReOpen']' not found in any frame after 30000ms"
15048,"https://app.pestpac.com/leads/detail.asp?Mode=Edit&SalesOppID=97547&StatusType=","After 2 retries: Selector 'button[name='butReOpen']' not found in any frame after 30000ms"
15049,"https://app.pestpac.com/leads/detail.asp?Mode=Edit&SalesOppID=100284&StatusType=","After 2 retries: Selector 'button[name='butReOpen']' not found in any frame after 30000ms"
15050,"https://app.pestpac.com/leads/detail.asp?Mode=Edit&SalesOppID=111035&StatusType=","After 2 retries: Selector 'button[name='butReOpen']' not found in any frame after 30000ms"
15052,"https://app.pestpac.com/leads/detail.asp?Mode=Edit&SalesOppID=102909&StatusType=","After 2 retries: Selector 'button[name='butReOpen']' not found in any frame after 30000ms"
15060,"https://app.pestpac.com/leads/detail.asp?Mode=Edit&SalesOppID=93593&StatusType=","After 2 retries: Selector 'button[name='butReOpen']' not found in any frame after 30000ms"
15071,"https://app.pestpac.com/leads/detail.asp?Mode=Edit&SalesOppID=95807&StatusType=","After 2 retries: Selector 'button[name='butReOpen']' not found in any frame after 30000ms"
15075,"https://app.pestpac.com/leads/detail.asp?Mode=Edit&SalesOppID=106662&StatusType=","After 2 retries: Selector 'button[name='butReOpen']' not found in any frame after 30000ms"
15191,"https://app.pestpac.com/leads/detail.asp?Mode=Edit&SalesOppID=109478&StatusType=","After 2 retries: Selector 'button[name='butReOpen']' not found in any frame after 30000ms"
15222,"https://app.pestpac.com/leads/detail.asp?Mode=Edit&SalesOppID=107543&StatusType=","After 2 retries: Selector 'button[name='butReOpen']' not found in any frame after 30000ms"
15242,"https://app.pestpac.com/leads/detail.asp?Mode=Edit&SalesOppID=95255&StatusType=","After 2 retries: Selector 'button[name='butReOpen']' not found in any frame after 30000ms"
15243,"https://app.pestpac.com/leads/detail.asp?Mode=Edit&SalesOppID=108561&StatusType=","After 2 retries: Selector 'button[name='butReOpen']' not found in any frame after 30000ms"
15244,"https://app.pestpac.com/leads/detail.asp?Mode=Edit&SalesOppID=108562&StatusType=","After 2 retries: Selector 'button[name='butReOpen']' not found in any frame after 30000ms"
15245,"https://app.pestpac.com/leads/detail.asp?Mode=Edit&SalesOppID=106376&StatusType=","After 2 retries: Selector 'button[name='butReOpen']' not found in any frame after 30000ms"
15272,"https://app.pestpac.com/leads/detail.asp?Mode=Edit&SalesOppID=101083&StatusType=","After 2 retries: Selector 'button[name='butReOpen']' not found in any frame after 30000ms"
15275,"https://app.pestpac.com/leads/detail.asp?Mode=Edit&SalesOppID=77215&StatusType=","After 2 retries: Selector 'button[name='butReOpen']' not found in any frame after 30000ms"
15287,"https://app.pestpac.com/leads/detail.asp?Mode=Edit&SalesOppID=77450&StatusType=","After 2 retries: locator.click: Timeout 30000ms exceeded.
Call log:
[2m  - waiting for locator('button[name='butReOpen'"
15301,"https://app.pestpac.com/leads/detail.asp?Mode=Edit&SalesOppID=76300&StatusType=","After 2 retries: Selector 'button[name='butReOpen']' not found in any frame after 30000ms"
15315,"https://app.pestpac.com/leads/detail.asp?Mode=Edit&SalesOppID=76795&StatusType=","After 2 retries: Selector 'button[name='butReOpen']' not found in any frame after 30000ms"
15516,"https://app.pestpac.com/leads/detail.asp?Mode=Edit&SalesOppID=72135&StatusType=","After 2 retries: Selector 'button[name='butReOpen']' not found in any frame after 30000ms"
15520,"https://app.pestpac.com/leads/detail.asp?Mode=Edit&SalesOppID=72114&StatusType=","After 2 retries: Selector 'button[name='butReOpen']' not found in any frame after 30000ms"
15521,"https://app.pestpac.com/leads/detail.asp?Mode=Edit&SalesOppID=72156&StatusType=","After 2 retries: Selector 'button[name='butReOpen']' not found in any frame after 30000ms"
15522,"https://app.pestpac.com/leads/detail.asp?Mode=Edit&SalesOppID=72186&StatusType=","After 2 retries: Selector 'button[name='butReOpen']' not found in any frame after 30000ms"
15523,"https://app.pestpac.com/leads/detail.asp?Mode=Edit&SalesOppID=72471&StatusType=","After 2 retries: Selector 'button[name='butReOpen']' not found in any frame after 30000ms"
15524,"https://app.pestpac.com/leads/detail.asp?Mode=Edit&SalesOppID=71670&StatusType=","After 2 retries: Selector 'button[name='butReOpen']' not found in any frame after 30000ms"
15525,"https://app.pestpac.com/leads/detail.asp?Mode=Edit&SalesOppID=72493&StatusType=","After 2 retries: Selector 'button[name='butReOpen']' not found in any frame after 30000ms"
15526,"https://app.pestpac.com/leads/detail.asp?Mode=Edit&SalesOppID=72504&StatusType=","After 2 retries: Selector 'button[name='butReOpen']' not found in any frame after 30000ms"
15527,"https://app.pestpac.com/leads/detail.asp?Mode=Edit&SalesOppID=72462&StatusType=","After 2 retries: Selector 'button[name='butReOpen']' not found in any frame after 30000ms"
15528,"https://app.pestpac.com/leads/detail.asp?Mode=Edit&SalesOppID=72479&StatusType=","After 2 retries: Selector 'button[name='butReOpen']' not found in any frame after 30000ms"
15529,"https://app.pestpac.com/leads/detail.asp?Mode=Edit&SalesOppID=72482&StatusType=","After 2 retries: Selector 'button[name='butReOpen']' not found in any frame after 30000ms"
15581,"https://app.pestpac.com/leads/detail.asp?Mode=Edit&SalesOppID=71203&StatusType=","After 2 retries: Selector 'button[name='butReOpen']' not found in any frame after 30000ms"
15582,"https://app.pestpac.com/leads/detail.asp?Mode=Edit&SalesOppID=71204&StatusType=","After 2 retries: Selector 'button[name='butReOpen']' not found in any frame after 30000ms"
15583,"https://app.pestpac.com/leads/detail.asp?Mode=Edit&SalesOppID=70376&StatusType=","After 2 retries: Selector 'button[name='butReOpen']' not found in any frame after 30000ms"
15587,"https://app.pestpac.com/leads/detail.asp?Mode=Edit&SalesOppID=70350&StatusType=","After 2 retries: Selector 'button[name='butReOpen']' not found in any frame after 30000ms"
15589,"https://app.pestpac.com/leads/detail.asp?Mode=Edit&SalesOppID=70334&StatusType=","After 2 retries: Selector 'button[name='butReOpen']' not found in any frame after 30000ms"
15590,"https://app.pestpac.com/leads/detail.asp?Mode=Edit&SalesOppID=70331&StatusType=","After 2 retries: Selector 'button[name='butReOpen']' not found in any frame after 30000ms"
15640,"https://app.pestpac.com/leads/detail.asp?Mode=Edit&SalesOppID=71340&StatusType=","After 2 retries: Selector 'button[name='butReOpen']' not found in any frame after 30000ms"
15696,"https://app.pestpac.com/leads/detail.asp?Mode=Edit&SalesOppID=68837&StatusType=","After 2 retries: Selector 'button[name='butReOpen']' not found in any frame after 30000ms"
15758,"https://app.pestpac.com/leads/detail.asp?Mode=Edit&SalesOppID=69154&StatusType=","After 2 retries: Selector 'button[name='butReOpen']' not found in any frame after 30000ms"
15795,"https://app.pestpac.com/leads/detail.asp?Mode=Edit&SalesOppID=67568&StatusType=","After 2 retries: Selector 'button[name='butReOpen']' not found in any frame after 30000ms"
15821,"https://app.pestpac.com/leads/detail.asp?Mode=Edit&SalesOppID=67564&StatusType=","After 2 retries: Selector 'button[name='butReOpen']' not found in any frame after 30000ms"
15822,"https://app.pestpac.com/leads/detail.asp?Mode=Edit&SalesOppID=68181&StatusType=","After 2 retries: Selector 'button[name='butReOpen']' not found in any frame after 30000ms"
15823,"https://app.pestpac.com/leads/detail.asp?Mode=Edit&SalesOppID=68186&StatusType=","After 2 retries: Selector 'button[name='butReOpen']' not found in any frame after 30000ms"
15825,"https://app.pestpac.com/leads/detail.asp?Mode=Edit&SalesOppID=67853&StatusType=","After 2 retries: Selector 'button[name='butReOpen']' not found in any frame after 30000ms"
15826,"https://app.pestpac.com/leads/detail.asp?Mode=Edit&SalesOppID=67844&StatusType=","After 2 retries: Selector 'button[name='butReOpen']' not found in any frame after 30000ms"
15827,"https://app.pestpac.com/leads/detail.asp?Mode=Edit&SalesOppID=67894&StatusType=","After 2 retries: Selector 'button[name='butReOpen']' not found in any frame after 30000ms"
15828,"https://app.pestpac.com/leads/detail.asp?Mode=Edit&SalesOppID=67897&StatusType=","After 2 retries: Selector 'button[name='butReOpen']' not found in any frame after 30000ms"
15829,"https://app.pestpac.com/leads/detail.asp?Mode=Edit&SalesOppID=67911&StatusType=","After 2 retries: Selector 'button[name='butReOpen']' not found in any frame after 30000ms"
15830,"https://app.pestpac.com/leads/detail.asp?Mode=Edit&SalesOppID=67730&StatusType=","After 2 retries: Selector 'button[name='butReOpen']' not found in any frame after 30000ms"
15841,"https://app.pestpac.com/leads/detail.asp?Mode=Edit&SalesOppID=66478&StatusType=","After 2 retries: Selector 'button[name='butReOpen']' not found in any frame after 30000ms"
15842,"https://app.pestpac.com/leads/detail.asp?Mode=Edit&SalesOppID=68370&StatusType=","After 2 retries: Selector 'button[name='butReOpen']' not found in any frame after 30000ms"
15843,"https://app.pestpac.com/leads/detail.asp?Mode=Edit&SalesOppID=68359&StatusType=","After 2 retries: Selector 'button[name='butReOpen']' not found in any frame after 30000ms"
15844,"https://app.pestpac.com/leads/detail.asp?Mode=Edit&SalesOppID=68377&StatusType=","After 2 retries: Selector 'button[name='butReOpen']' not found in any frame after 30000ms"
15845,"https://app.pestpac.com/leads/detail.asp?Mode=Edit&SalesOppID=68320&StatusType=","After 2 retries: Selector 'button[name='butReOpen']' not found in any frame after 30000ms"
15846,"https://app.pestpac.com/leads/detail.asp?Mode=Edit&SalesOppID=68323&StatusType=","After 2 retries: Selector 'button[name='butReOpen']' not found in any frame after 30000ms"
15847,"https://app.pestpac.com/leads/detail.asp?Mode=Edit&SalesOppID=68329&StatusType=","After 2 retries: Selector 'button[name='butReOpen']' not found in any frame after 30000ms"
15848,"https://app.pestpac.com/leads/detail.asp?Mode=Edit&SalesOppID=68333&StatusType=","After 2 retries: Selector 'button[name='butReOpen']' not found in any frame after 30000ms"
15849,"https://app.pestpac.com/leads/detail.asp?Mode=Edit&SalesOppID=68335&StatusType=","After 2 retries: Selector 'button[name='butReOpen']' not found in any frame after 30000ms"
15850,"https://app.pestpac.com/leads/detail.asp?Mode=Edit&SalesOppID=68347&StatusType=","After 2 retries: Selector 'button[name='butReOpen']' not found in any frame after 30000ms"
15870,"https://app.pestpac.com/leads/detail.asp?Mode=Edit&SalesOppID=66353&StatusType=","After 2 retries: Selector 'button[name='butReOpen']' not found in any frame after 30000ms"
15957,"https://app.pestpac.com/leads/detail.asp?Mode=Edit&SalesOppID=66699&StatusType=","After 2 retries: Selector 'button[name='butReOpen']' not found in any frame after 30000ms"
15958,"https://app.pestpac.com/leads/detail.asp?Mode=Edit&SalesOppID=66720&StatusType=","After 2 retries: Selector 'button[name='butReOpen']' not found in any frame after 30000ms"
16063,"https://app.pestpac.com/leads/detail.asp?Mode=Edit&SalesOppID=67100&StatusType=","After 2 retries: Selector 'button[name='butReOpen']' not found in any frame after 30000ms"
16102,"https://app.pestpac.com/leads/detail.asp?Mode=Edit&SalesOppID=70525&StatusType=","After 2 retries: Selector 'button[name='butReOpen']' not found in any frame after 30000ms"
16131,"https://app.pestpac.com/leads/detail.asp?Mode=Edit&SalesOppID=64414&StatusType=","After 2 retries: Selector 'button[name='butReOpen']' not found in any frame after 30000ms"
16132,"https://app.pestpac.com/leads/detail.asp?Mode=Edit&SalesOppID=64426&StatusType=","After 2 retries: Selector 'button[name='butReOpen']' not found in any frame after 30000ms"
16135,"https://app.pestpac.com/leads/detail.asp?Mode=Edit&SalesOppID=64405&StatusType=","After 2 retries: Selector 'button[name='butReOpen']' not found in any frame after 30000ms"
16137,"https://app.pestpac.com/leads/detail.asp?Mode=Edit&SalesOppID=70028&StatusType=","After 2 retries: Selector 'button[name='butReOpen']' not found in any frame after 30000ms"
16176,"https://app.pestpac.com/leads/detail.asp?Mode=Edit&SalesOppID=70070&StatusType=","After 2 retries: Selector 'button[name='butReOpen']' not found in any frame after 30000ms"
16210,"https://app.pestpac.com/leads/detail.asp?Mode=Edit&SalesOppID=64834&StatusType=","After 2 retries: Selector 'button[name='butReOpen']' not found in any frame after 30000ms"
16225,"https://app.pestpac.com/leads/detail.asp?Mode=Edit&SalesOppID=62553&StatusType=","After 2 retries: Selector 'button[name='butReOpen']' not found in any frame after 30000ms"
16291,"https://app.pestpac.com/leads/detail.asp?Mode=Edit&SalesOppID=61066&StatusType=","After 2 retries: Selector 'button[name='butReOpen']' not found in any frame after 30000ms"
16299,"https://app.pestpac.com/leads/detail.asp?Mode=Edit&SalesOppID=62170&StatusType=","After 2 retries: Selector 'button[name='butReOpen']' not found in any frame after 30000ms"
16367,"https://app.pestpac.com/leads/detail.asp?Mode=Edit&SalesOppID=59204&StatusType=","After 2 retries: Selector 'button[name='butReOpen']' not found in any frame after 30000ms"
16368,"https://app.pestpac.com/leads/detail.asp?Mode=Edit&SalesOppID=59366&StatusType=","After 2 retries: Selector 'button[name='butReOpen']' not found in any frame after 30000ms"
16369,"https://app.pestpac.com/leads/detail.asp?Mode=Edit&SalesOppID=61329&StatusType=","After 2 retries: Selector 'button[name='butReOpen']' not found in any frame after 30000ms"
16370,"https://app.pestpac.com/leads/detail.asp?Mode=Edit&SalesOppID=61336&StatusType=","After 2 retries: Selector 'button[name='butReOpen']' not found in any frame after 30000ms"
16461,"https://app.pestpac.com/leads/detail.asp?Mode=Edit&SalesOppID=61749&StatusType=","After 2 retries: Selector 'button[name='butReOpen']' not found in any frame after 30000ms"
16462,"https://app.pestpac.com/leads/detail.asp?Mode=Edit&SalesOppID=61782&StatusType=","After 2 retries: Selector 'button[name='butReOpen']' not found in any frame after 30000ms"
16463,"https://app.pestpac.com/leads/detail.asp?Mode=Edit&SalesOppID=61777&StatusType=","After 2 retries: Selector 'button[name='butReOpen']' not found in any frame after 30000ms"
16464,"https://app.pestpac.com/leads/detail.asp?Mode=Edit&SalesOppID=61728&StatusType=","After 2 retries: Selector 'button[name='butReOpen']' not found in any frame after 30000ms"
16465,"https://app.pestpac.com/leads/detail.asp?Mode=Edit&SalesOppID=61182&StatusType=","After 2 retries: Selector 'button[name='butReOpen']' not found in any frame after 30000ms"
16466,"https://app.pestpac.com/leads/detail.asp?Mode=Edit&SalesOppID=61152&StatusType=","After 2 retries: Selector 'button[name='butReOpen']' not found in any frame after 30000ms"
16534,"https://app.pestpac.com/leads/detail.asp?Mode=Edit&SalesOppID=60532&StatusType=","After 2 retries: Selector 'button[name='butReOpen']' not found in any frame after 30000ms"
16538,"https://app.pestpac.com/leads/detail.asp?Mode=Edit&SalesOppID=59965&StatusType=","After 2 retries: Selector 'button[name='butReOpen']' not found in any frame after 30000ms"
16572,"https://app.pestpac.com/leads/detail.asp?Mode=Edit&SalesOppID=60012&StatusType=","After 2 retries: Selector 'button[name='butReOpen']' not found in any frame after 30000ms"
16579,"https://app.pestpac.com/leads/detail.asp?Mode=Edit&SalesOppID=59708&StatusType=","After 2 retries: Selector 'button[name='butReOpen']' not found in any frame after 30000ms"
16581,"https://app.pestpac.com/leads/detail.asp?Mode=Edit&SalesOppID=59723&StatusType=","After 2 retries: Selector 'button[name='butReOpen']' not found in any frame after 30000ms"
16582,"https://app.pestpac.com/leads/detail.asp?Mode=Edit&SalesOppID=59700&StatusType=","After 2 retries: Selector 'button[name='butReOpen']' not found in any frame after 30000ms"
16583,"https://app.pestpac.com/leads/detail.asp?Mode=Edit&SalesOppID=58971&StatusType=","After 2 retries: Selector 'button[name='butReOpen']' not found in any frame after 30000ms"
16584,"https://app.pestpac.com/leads/detail.asp?Mode=Edit&SalesOppID=58983&StatusType=","After 2 retries: Selector 'button[name='butReOpen']' not found in any frame after 30000ms"
16585,"https://app.pestpac.com/leads/detail.asp?Mode=Edit&SalesOppID=58550&StatusType=","After 2 retries: Selector 'button[name='butReOpen']' not found in any frame after 30000ms"
16586,"https://app.pestpac.com/leads/detail.asp?Mode=Edit&SalesOppID=58564&StatusType=","After 2 retries: Selector 'button[name='butReOpen']' not found in any frame after 30000ms"
16587,"https://app.pestpac.com/leads/detail.asp?Mode=Edit&SalesOppID=58573&StatusType=","After 2 retries: Selector 'button[name='butReOpen']' not found in any frame after 30000ms"
16588,"https://app.pestpac.com/leads/detail.asp?Mode=Edit&SalesOppID=58580&StatusType=","After 2 retries: Selector 'button[name='butReOpen']' not found in any frame after 30000ms"
16589,"https://app.pestpac.com/leads/detail.asp?Mode=Edit&SalesOppID=58594&StatusType=","After 2 retries: Selector 'button[name='butReOpen']' not found in any frame after 30000ms"
16590,"https://app.pestpac.com/leads/detail.asp?Mode=Edit&SalesOppID=59669&StatusType=","After 2 retries: Selector 'button[name='butReOpen']' not found in any frame after 30000ms"
16601,"https://app.pestpac.com/leads/detail.asp?Mode=Edit&SalesOppID=55792&StatusType=","After 2 retries: Selector 'button[name='butReOpen']' not found in any frame after 30000ms"
16602,"https://app.pestpac.com/leads/detail.asp?Mode=Edit&SalesOppID=55794&StatusType=","After 2 retries: Selector 'button[name='butReOpen']' not found in any frame after 30000ms"
16603,"https://app.pestpac.com/leads/detail.asp?Mode=Edit&SalesOppID=55537&StatusType=","After 2 retries: Selector 'button[name='butReOpen']' not found in any frame after 30000ms"
16605,"https://app.pestpac.com/leads/detail.asp?Mode=Edit&SalesOppID=55517&StatusType=","After 2 retries: Selector 'button[name='butReOpen']' not found in any frame after 30000ms"
16606,"https://app.pestpac.com/leads/detail.asp?Mode=Edit&SalesOppID=55750&StatusType=","After 2 retries: Selector 'button[name='butReOpen']' not found in any frame after 30000ms"
16607,"https://app.pestpac.com/leads/detail.asp?Mode=Edit&SalesOppID=55751&StatusType=","After 2 retries: Selector 'button[name='butReOpen']' not found in any frame after 30000ms"
16608,"https://app.pestpac.com/leads/detail.asp?Mode=Edit&SalesOppID=55753&StatusType=","After 2 retries: Selector 'button[name='butReOpen']' not found in any frame after 30000ms"
16609,"https://app.pestpac.com/leads/detail.asp?Mode=Edit&SalesOppID=55755&StatusType=","After 2 retries: Selector 'button[name='butReOpen']' not found in any frame after 30000ms"
16610,"https://app.pestpac.com/leads/detail.asp?Mode=Edit&SalesOppID=55784&StatusType=","After 2 retries: Selector 'button[name='butReOpen']' not found in any frame after 30000ms"
16637,"https://app.pestpac.com/leads/detail.asp?Mode=Edit&SalesOppID=55289&StatusType=","After 2 retries: Selector 'button[name='butReOpen']' not found in any frame after 30000ms"
16638,"https://app.pestpac.com/leads/detail.asp?Mode=Edit&SalesOppID=55658&StatusType=","After 2 retries: Selector 'button[name='butReOpen']' not found in any frame after 30000ms"
16687,"https://app.pestpac.com/leads/detail.asp?Mode=Edit&SalesOppID=58293&StatusType=","After 2 retries: Selector 'button[name='butReOpen']' not found in any frame after 30000ms"
16739,"https://app.pestpac.com/leads/detail.asp?Mode=Edit&SalesOppID=50951&StatusType=","After 2 retries: Selector 'button[name='butReOpen']' not found in any frame after 30000ms"
16798,"https://app.pestpac.com/leads/detail.asp?Mode=Edit&SalesOppID=51963&StatusType=","After 2 retries: Selector 'button[name='butReOpen']' not found in any frame after 30000ms"
16817,"https://app.pestpac.com/leads/detail.asp?Mode=Edit&SalesOppID=51538&StatusType=","After 2 retries: Selector 'button[name='butReOpen']' not found in any frame after 30000ms"
16861,"https://app.pestpac.com/leads/detail.asp?Mode=Edit&SalesOppID=47770&StatusType=","After 2 retries: Selector 'button[name='butReOpen']' not found in any frame after 30000ms"
16905,"https://app.pestpac.com/leads/detail.asp?Mode=Edit&SalesOppID=58189&StatusType=","After 2 retries: Selector 'button[name='butReOpen']' not found in any frame after 30000ms"
17020,"https://app.pestpac.com/leads/detail.asp?Mode=Edit&SalesOppID=56391&StatusType=","After 2 retries: Selector 'button[name='butReOpen']' not found in any frame after 30000ms"
17067,"https://app.pestpac.com/leads/detail.asp?Mode=Edit&SalesOppID=77234&StatusType=","After 2 retries: Selector 'button[name='butReOpen']' not found in any frame after 30000ms"
17123,"https://app.pestpac.com/leads/detail.asp?Mode=Edit&SalesOppID=55022&StatusType=","After 2 retries: Selector 'button[name='butReOpen']' not found in any frame after 30000ms"
17131,"https://app.pestpac.com/leads/detail.asp?Mode=Edit&SalesOppID=49253&StatusType=","After 2 retries: Selector 'button[name='butReOpen']' not found in any frame after 30000ms"
17132,"https://app.pestpac.com/leads/detail.asp?Mode=Edit&SalesOppID=48434&StatusType=","After 2 retries: Selector 'button[name='butReOpen']' not found in any frame after 30000ms"
17133,"https://app.pestpac.com/leads/detail.asp?Mode=Edit&SalesOppID=48417&StatusType=","After 2 retries: Selector 'button[name='butReOpen']' not found in any frame after 30000ms"
17134,"https://app.pestpac.com/leads/detail.asp?Mode=Edit&SalesOppID=48419&StatusType=","After 2 retries: Selector 'button[name='butReOpen']' not found in any frame after 30000ms"
17135,"https://app.pestpac.com/leads/detail.asp?Mode=Edit&SalesOppID=48420&StatusType=","After 2 retries: Selector 'button[name='butReOpen']' not found in any frame after 30000ms"
17136,"https://app.pestpac.com/leads/detail.asp?Mode=Edit&SalesOppID=48421&StatusType=","After 2 retries: Selector 'button[name='butReOpen']' not found in any frame after 30000ms"
17137,"https://app.pestpac.com/leads/detail.asp?Mode=Edit&SalesOppID=48422&StatusType=","After 2 retries: Selector 'button[name='butReOpen']' not found in any frame after 30000ms"
17138,"https://app.pestpac.com/leads/detail.asp?Mode=Edit&SalesOppID=48424&StatusType=","After 2 retries: Selector 'button[name='butReOpen']' not found in any frame after 30000ms"
17139,"https://app.pestpac.com/leads/detail.asp?Mode=Edit&SalesOppID=48014&StatusType=","After 2 retries: Selector 'button[name='butReOpen']' not found in any frame after 30000ms"
17140,"https://app.pestpac.com/leads/detail.asp?Mode=Edit&SalesOppID=47944&StatusType=","After 2 retries: Selector 'button[name='butReOpen']' not found in any frame after 30000ms"
17231,"https://app.pestpac.com/leads/detail.asp?Mode=Edit&SalesOppID=50022&StatusType=","After 2 retries: Selector 'button[name='butReOpen']' not found in any frame after 30000ms"
17234,"https://app.pestpac.com/leads/detail.asp?Mode=Edit&SalesOppID=47172&StatusType=","After 2 retries: Selector 'button[name='butReOpen']' not found in any frame after 30000ms"
17235,"https://app.pestpac.com/leads/detail.asp?Mode=Edit&SalesOppID=56421&StatusType=","After 2 retries: Selector 'button[name='butReOpen']' not found in any frame after 30000ms"
17238,"https://app.pestpac.com/leads/detail.asp?Mode=Edit&SalesOppID=47221&StatusType=","After 2 retries: Selector 'button[name='butReOpen']' not found in any frame after 30000ms"
17315,"https://app.pestpac.com/leads/detail.asp?Mode=Edit&SalesOppID=375&StatusType=","After 2 retries: Selector 'button[name='butReOpen']' not found in any frame after 30000ms"
17486,"https://app.pestpac.com/leads/detail.asp?Mode=Edit&SalesOppID=16421&StatusType=","After 2 retries: Selector 'button[name='butReOpen']' not found in any frame after 30000ms"
17552,"https://app.pestpac.com/leads/detail.asp?Mode=Edit&SalesOppID=19879&StatusType=","After 2 retries: Selector 'button[name='butReOpen']' not found in any frame after 30000ms"
17558,"https://app.pestpac.com/leads/detail.asp?Mode=Edit&SalesOppID=23015&StatusType=","After 2 retries: Selector 'button[name='butReOpen']' not found in any frame after 30000ms"
17631,"https://app.pestpac.com/leads/detail.asp?Mode=Edit&SalesOppID=28670&StatusType=","After 2 retries: Selector 'button[name='butReOpen']' not found in any frame after 30000ms"
17632,"https://app.pestpac.com/leads/detail.asp?Mode=Edit&SalesOppID=28658&StatusType=","After 2 retries: Selector 'button[name='butReOpen']' not found in any frame after 30000ms"
17633,"https://app.pestpac.com/leads/detail.asp?Mode=Edit&SalesOppID=28427&StatusType=","After 2 retries: Selector 'button[name='butReOpen']' not found in any frame after 30000ms"
17634,"https://app.pestpac.com/leads/detail.asp?Mode=Edit&SalesOppID=29101&StatusType=","After 2 retries: Selector 'button[name='butReOpen']' not found in any frame after 30000ms"
17635,"https://app.pestpac.com/leads/detail.asp?Mode=Edit&SalesOppID=29110&StatusType=","After 2 retries: Selector 'button[name='butReOpen']' not found in any frame after 30000ms"
17636,"https://app.pestpac.com/leads/detail.asp?Mode=Edit&SalesOppID=29117&StatusType=","After 2 retries: Selector 'button[name='butReOpen']' not found in any frame after 30000ms"
17637,"https://app.pestpac.com/leads/detail.asp?Mode=Edit&SalesOppID=29120&StatusType=","After 2 retries: Selector 'button[name='butReOpen']' not found in any frame after 30000ms"
17639,"https://app.pestpac.com/leads/detail.asp?Mode=Edit&SalesOppID=29380&StatusType=","After 2 retries: Selector 'button[name='butReOpen']' not found in any frame after 30000ms"
17640,"https://app.pestpac.com/leads/detail.asp?Mode=Edit&SalesOppID=29331&StatusType=","After 2 retries: Selector 'button[name='butReOpen']' not found in any frame after 30000ms"
17751,"https://app.pestpac.com/leads/detail.asp?Mode=Edit&SalesOppID=54827&StatusType=","After 2 retries: Selector 'button[name='butReOpen']' not found in any frame after 30000ms"
17752,"https://app.pestpac.com/leads/detail.asp?Mode=Edit&SalesOppID=54823&StatusType=","After 2 retries: Selector 'button[name='butReOpen']' not found in any frame after 30000ms"
17753,"https://app.pestpac.com/leads/detail.asp?Mode=Edit&SalesOppID=54809&StatusType=","After 2 retries: Selector 'button[name='butReOpen']' not found in any frame after 30000ms"
17754,"https://app.pestpac.com/leads/detail.asp?Mode=Edit&SalesOppID=54817&StatusType=","After 2 retries: Selector 'button[name='butReOpen']' not found in any frame after 30000ms"
17755,"https://app.pestpac.com/leads/detail.asp?Mode=Edit&SalesOppID=54801&StatusType=","After 2 retries: Selector 'button[name='butReOpen']' not found in any frame after 30000ms"
17756,"https://app.pestpac.com/leads/detail.asp?Mode=Edit&SalesOppID=64185&StatusType=","After 2 retries: Selector 'button[name='butReOpen']' not found in any frame after 30000ms"
17757,"https://app.pestpac.com/leads/detail.asp?Mode=Edit&SalesOppID=64176&StatusType=","After 2 retries: Selector 'button[name='butReOpen']' not found in any frame after 30000ms"
17758,"https://app.pestpac.com/leads/detail.asp?Mode=Edit&SalesOppID=64178&StatusType=","After 2 retries: Selector 'button[name='butReOpen']' not found in any frame after 30000ms"
17759,"https://app.pestpac.com/leads/detail.asp?Mode=Edit&SalesOppID=42380&StatusType=","After 2 retries: Selector 'button[name='butReOpen']' not found in any frame after 30000ms"
17760,"https://app.pestpac.com/leads/detail.asp?Mode=Edit&SalesOppID=64170&StatusType=","After 2 retries: Selector 'button[name='butReOpen']' not found in any frame after 30000ms"
17892,"https://app.pestpac.com/leads/detail.asp?Mode=Edit&SalesOppID=113966&StatusType=","After 2 retries: Selector 'button[name='butReOpen']' not found in any frame after 30000ms"
17893,"https://app.pestpac.com/leads/detail.asp?Mode=Edit&SalesOppID=113981&StatusType=","After 2 retries: Selector 'button[name='butReOpen']' not found in any frame after 30000ms"
17931,"https://app.pestpac.com/leads/detail.asp?Mode=Edit&SalesOppID=96205&StatusType=","After 2 retries: Selector 'button[name='butReOpen']' not found in any frame after 30000ms"
17932,"https://app.pestpac.com/leads/detail.asp?Mode=Edit&SalesOppID=107175&StatusType=","After 2 retries: Selector 'button[name='butReOpen']' not found in any frame after 30000ms"
17937,"https://app.pestpac.com/leads/detail.asp?Mode=Edit&SalesOppID=107145&StatusType=","After 2 retries: Selector 'button[name='butReOpen']' not found in any frame after 30000ms"
17940,"https://app.pestpac.com/leads/detail.asp?Mode=Edit&SalesOppID=99690&StatusType=","After 2 retries: Selector 'button[name='butReOpen']' not found in any frame after 30000ms"
18031,"https://app.pestpac.com/leads/detail.asp?Mode=Edit&SalesOppID=67717&StatusType=","After 2 retries: Selector 'button[name='butReOpen']' not found in any frame after 30000ms"
18122,"https://app.pestpac.com/leads/detail.asp?Mode=Edit&SalesOppID=60388&StatusType=","After 2 retries: Selector 'button[name='butReOpen']' not found in any frame after 30000ms"
18177,"https://app.pestpac.com/leads/detail.asp?Mode=Edit&SalesOppID=47831&StatusType=","After 2 retries: Selector 'button[name='butReOpen']' not found in any frame after 30000ms"
18226,"https://app.pestpac.com/leads/detail.asp?Mode=Edit&SalesOppID=106209&StatusType=","After 2 retries: Selector 'button[name='butReOpen']' not found in any frame after 30000ms"
18230,"https://app.pestpac.com/leads/detail.asp?Mode=Edit&SalesOppID=101251&StatusType=","After 2 retries: Selector 'button[name='butReOpen']' not found in any frame after 30000ms"
18362,"https://app.pestpac.com/leads/detail.asp?Mode=Edit&SalesOppID=98296&StatusType=","After 2 retries: Selector 'button[name='butReOpen']' not found in any frame after 30000ms"
18363,"https://app.pestpac.com/leads/detail.asp?Mode=Edit&SalesOppID=98303&StatusType=","After 2 retries: Selector 'button[name='butReOpen']' not found in any frame after 30000ms"
18364,"https://app.pestpac.com/leads/detail.asp?Mode=Edit&SalesOppID=102576&StatusType=","After 2 retries: Selector 'button[name='butReOpen']' not found in any frame after 30000ms"
18365,"https://app.pestpac.com/leads/detail.asp?Mode=Edit&SalesOppID=102515&StatusType=","After 2 retries: Selector 'button[name='butReOpen']' not found in any frame after 30000ms"
18366,"https://app.pestpac.com/leads/detail.asp?Mode=Edit&SalesOppID=102530&StatusType=","After 2 retries: Selector 'button[name='butReOpen']' not found in any frame after 30000ms"
18367,"https://app.pestpac.com/leads/detail.asp?Mode=Edit&SalesOppID=106152&StatusType=","After 2 retries: Selector 'button[name='butReOpen']' not found in any frame after 30000ms"
18368,"https://app.pestpac.com/leads/detail.asp?Mode=Edit&SalesOppID=103096&StatusType=","After 2 retries: Selector 'button[name='butReOpen']' not found in any frame after 30000ms"
18369,"https://app.pestpac.com/leads/detail.asp?Mode=Edit&SalesOppID=103158&StatusType=","After 2 retries: Selector 'button[name='butReOpen']' not found in any frame after 30000ms"
18370,"https://app.pestpac.com/leads/detail.asp?Mode=Edit&SalesOppID=104486&StatusType=","After 2 retries: Selector 'button[name='butReOpen']' not found in any frame after 30000ms"
18531,"https://app.pestpac.com/leads/detail.asp?Mode=Edit&SalesOppID=100430&StatusType=","After 2 retries: Selector 'button[name='butReOpen']' not found in any frame after 30000ms"
18532,"https://app.pestpac.com/leads/detail.asp?Mode=Edit&SalesOppID=100423&StatusType=","After 2 retries: Selector 'button[name='butReOpen']' not found in any frame after 30000ms"
18533,"https://app.pestpac.com/leads/detail.asp?Mode=Edit&SalesOppID=100513&StatusType=","After 2 retries: Selector 'button[name='butReOpen']' not found in any frame after 30000ms"
18534,"https://app.pestpac.com/leads/detail.asp?Mode=Edit&SalesOppID=100517&StatusType=","After 2 retries: Selector 'button[name='butReOpen']' not found in any frame after 30000ms"
18535,"https://app.pestpac.com/leads/detail.asp?Mode=Edit&SalesOppID=100485&StatusType=","After 2 retries: Selector 'button[name='butReOpen']' not found in any frame after 30000ms"
18538,"https://app.pestpac.com/leads/detail.asp?Mode=Edit&SalesOppID=106368&StatusType=","After 2 retries: Selector 'button[name='butReOpen']' not found in any frame after 30000ms"
18650,"https://app.pestpac.com/leads/detail.asp?Mode=Edit&SalesOppID=111969&StatusType=","After 2 retries: Selector 'button[name='butReOpen']' not found in any frame after 30000ms"
18652,"https://app.pestpac.com/leads/detail.asp?Mode=Edit&SalesOppID=110580&StatusType=","After 2 retries: Selector 'button[name='butReOpen']' not found in any frame after 30000ms"
18653,"https://app.pestpac.com/leads/detail.asp?Mode=Edit&SalesOppID=110531&StatusType=","After 2 retries: Selector 'button[name='butReOpen']' not found in any frame after 30000ms"
18718,"https://app.pestpac.com/leads/detail.asp?Mode=Edit&SalesOppID=112616&StatusType=","After 2 retries: Selector 'button[name='butReOpen']' not found in any frame after 30000ms"
18821,"https://app.pestpac.com/leads/detail.asp?Mode=Edit&SalesOppID=96734&StatusType=","After 2 retries: Selector 'button[name='butReOpen']' not found in any frame after 30000ms"
18871,"https://app.pestpac.com/leads/detail.asp?Mode=Edit&SalesOppID=109670&StatusType=","After 2 retries: Selector 'button[name='butReOpen']' not found in any frame after 30000ms"
18872,"https://app.pestpac.com/leads/detail.asp?Mode=Edit&SalesOppID=109193&StatusType=","After 2 retries: Selector 'button[name='butReOpen']' not found in any frame after 30000ms"
18873,"https://app.pestpac.com/leads/detail.asp?Mode=Edit&SalesOppID=109213&StatusType=","After 2 retries: Selector 'button[name='butReOpen']' not found in any frame after 30000ms"
18874,"https://app.pestpac.com/leads/detail.asp?Mode=Edit&SalesOppID=109167&StatusType=","After 2 retries: Selector 'button[name='butReOpen']' not found in any frame after 30000ms"
18875,"https://app.pestpac.com/leads/detail.asp?Mode=Edit&SalesOppID=109240&StatusType=","After 2 retries: Selector 'button[name='butReOpen']' not found in any frame after 30000ms"
18876,"https://app.pestpac.com/leads/detail.asp?Mode=Edit&SalesOppID=109242&StatusType=","After 2 retries: Selector 'button[name='butReOpen']' not found in any frame after 30000ms"
18877,"https://app.pestpac.com/leads/detail.asp?Mode=Edit&SalesOppID=109254&StatusType=","After 2 retries: Selector 'button[name='butReOpen']' not found in any frame after 30000ms"
18878,"https://app.pestpac.com/leads/detail.asp?Mode=Edit&SalesOppID=113982&StatusType=","After 2 retries: Selector 'button[name='butReOpen']' not found in any frame after 30000ms"
18879,"https://app.pestpac.com/leads/detail.asp?Mode=Edit&SalesOppID=113984&StatusType=","After 2 retries: Selector 'button[name='butReOpen']' not found in any frame after 30000ms"
18880,"https://app.pestpac.com/leads/detail.asp?Mode=Edit&SalesOppID=109171&StatusType=","After 2 retries: Selector 'button[name='butReOpen']' not found in any frame after 30000ms"
18914,"https://app.pestpac.com/leads/detail.asp?Mode=Edit&SalesOppID=102312&StatusType=","After 2 retries: Selector 'button[name='butReOpen']' not found in any frame after 30000ms"
18915,"https://app.pestpac.com/leads/detail.asp?Mode=Edit&SalesOppID=102389&StatusType=","After 2 retries: Selector 'button[name='butReOpen']' not found in any frame after 30000ms"
18919,"https://app.pestpac.com/leads/detail.asp?Mode=Edit&SalesOppID=102349&StatusType=","After 2 retries: Selector 'button[name='butReOpen']' not found in any frame after 30000ms"
18953,"https://app.pestpac.com/leads/detail.asp?Mode=Edit&SalesOppID=104675&StatusType=","After 2 retries: Selector 'button[name='butReOpen']' not found in any frame after 30000ms"
18954,"https://app.pestpac.com/leads/detail.asp?Mode=Edit&SalesOppID=104681&StatusType=","After 2 retries: Selector 'button[name='butReOpen']' not found in any frame after 30000ms"
18958,"https://app.pestpac.com/leads/detail.asp?Mode=Edit&SalesOppID=110904&StatusType=","After 2 retries: Selector 'button[name='butReOpen']' not found in any frame after 30000ms"
19056,"https://app.pestpac.com/leads/detail.asp?Mode=Edit&SalesOppID=100729&StatusType=","After 2 retries: Selector 'button[name='butReOpen']' not found in any frame after 30000ms"
19059,"https://app.pestpac.com/leads/detail.asp?Mode=Edit&SalesOppID=100759&StatusType=","After 2 retries: Selector 'button[name='butReOpen']' not found in any frame after 30000ms"
19060,"https://app.pestpac.com/leads/detail.asp?Mode=Edit&SalesOppID=100774&StatusType=","After 2 retries: Selector 'button[name='butReOpen']' not found in any frame after 30000ms"
19131,"https://app.pestpac.com/leads/detail.asp?Mode=Edit&SalesOppID=106328&StatusType=","After 2 retries: Selector 'button[name='butReOpen']' not found in any frame after 30000ms"
19138,"https://app.pestpac.com/leads/detail.asp?Mode=Edit&SalesOppID=104807&StatusType=","After 2 retries: Selector 'button[name='butReOpen']' not found in any frame after 30000ms"
19152,"https://app.pestpac.com/leads/detail.asp?Mode=Edit&SalesOppID=103462&StatusType=","After 2 retries: Selector 'button[name='butReOpen']' not found in any frame after 30000ms"
19153,"https://app.pestpac.com/leads/detail.asp?Mode=Edit&SalesOppID=107478&StatusType=","After 2 retries: Selector 'button[name='butReOpen']' not found in any frame after 30000ms"
19154,"https://app.pestpac.com/leads/detail.asp?Mode=Edit&SalesOppID=103434&StatusType=","After 2 retries: Selector 'button[name='butReOpen']' not found in any frame after 30000ms"
19155,"https://app.pestpac.com/leads/detail.asp?Mode=Edit&SalesOppID=103641&StatusType=","After 2 retries: Selector 'button[name='butReOpen']' not found in any frame after 30000ms"
19156,"https://app.pestpac.com/leads/detail.asp?Mode=Edit&SalesOppID=107193&StatusType=","After 2 retries: Selector 'button[name='butReOpen']' not found in any frame after 30000ms"
19157,"https://app.pestpac.com/leads/detail.asp?Mode=Edit&SalesOppID=107196&StatusType=","After 2 retries: Selector 'button[name='butReOpen']' not found in any frame after 30000ms"
19159,"https://app.pestpac.com/leads/detail.asp?Mode=Edit&SalesOppID=105576&StatusType=","After 2 retries: Selector 'button[name='butReOpen']' not found in any frame after 30000ms"
19227,"https://app.pestpac.com/leads/detail.asp?Mode=Edit&SalesOppID=107404&StatusType=","After 2 retries: Selector 'button[name='butReOpen']' not found in any frame after 30000ms"
19229,"https://app.pestpac.com/leads/detail.asp?Mode=Edit&SalesOppID=107840&StatusType=","After 2 retries: Selector 'button[name='butReOpen']' not found in any frame after 30000ms"
19283,"https://app.pestpac.com/leads/detail.asp?Mode=Edit&SalesOppID=98353&StatusType=","After 2 retries: Selector 'button[name='butReOpen']' not found in any frame after 30000ms"
19541,"https://app.pestpac.com/leads/detail.asp?Mode=Edit&SalesOppID=100863&StatusType=","After 2 retries: Selector 'button[name='butReOpen']' not found in any frame after 30000ms"
19542,"https://app.pestpac.com/leads/detail.asp?Mode=Edit&SalesOppID=100865&StatusType=","After 2 retries: Selector 'button[name='butReOpen']' not found in any frame after 30000ms"
19543,"https://app.pestpac.com/leads/detail.asp?Mode=Edit&SalesOppID=100742&StatusType=","After 2 retries: Selector 'button[name='butReOpen']' not found in any frame after 30000ms"
19544,"https://app.pestpac.com/leads/detail.asp?Mode=Edit&SalesOppID=100750&StatusType=","After 2 retries: Selector 'button[name='butReOpen']' not found in any frame after 30000ms"
19545,"https://app.pestpac.com/leads/detail.asp?Mode=Edit&SalesOppID=100778&StatusType=","After 2 retries: Selector 'button[name='butReOpen']' not found in any frame after 30000ms"
19546,"https://app.pestpac.com/leads/detail.asp?Mode=Edit&SalesOppID=100730&StatusType=","After 2 retries: Selector 'button[name='butReOpen']' not found in any frame after 30000ms"
19547,"https://app.pestpac.com/leads/detail.asp?Mode=Edit&SalesOppID=96455&StatusType=","After 2 retries: Selector 'button[name='butReOpen']' not found in any frame after 30000ms"
19549,"https://app.pestpac.com/leads/detail.asp?Mode=Edit&SalesOppID=103797&StatusType=","After 2 retries: Selector 'button[name='butReOpen']' not found in any frame after 30000ms"
19550,"https://app.pestpac.com/leads/detail.asp?Mode=Edit&SalesOppID=103713&StatusType=","After 2 retries: Selector 'button[name='butReOpen']' not found in any frame after 30000ms"
19662,"https://app.pestpac.com/leads/detail.asp?Mode=Edit&SalesOppID=101456&StatusType=","After 2 retries: Selector 'button[name='butReOpen']' not found in any frame after 30000ms"
19663,"https://app.pestpac.com/leads/detail.asp?Mode=Edit&SalesOppID=101457&StatusType=","After 2 retries: Selector 'button[name='butReOpen']' not found in any frame after 30000ms"
19664,"https://app.pestpac.com/leads/detail.asp?Mode=Edit&SalesOppID=101458&StatusType=","After 2 retries: Selector 'button[name='butReOpen']' not found in any frame after 30000ms"
19665,"https://app.pestpac.com/leads/detail.asp?Mode=Edit&SalesOppID=98809&StatusType=","After 2 retries: Selector 'button[name='butReOpen']' not found in any frame after 30000ms"
19666,"https://app.pestpac.com/leads/detail.asp?Mode=Edit&SalesOppID=106906&StatusType=","After 2 retries: Selector 'button[name='butReOpen']' not found in any frame after 30000ms"
19667,"https://app.pestpac.com/leads/detail.asp?Mode=Edit&SalesOppID=99378&StatusType=","After 2 retries: Selector 'button[name='butReOpen']' not found in any frame after 30000ms"
19668,"https://app.pestpac.com/leads/detail.asp?Mode=Edit&SalesOppID=98195&StatusType=","After 2 retries: Selector 'button[name='butReOpen']' not found in any frame after 30000ms"
19669,"https://app.pestpac.com/leads/detail.asp?Mode=Edit&SalesOppID=103920&StatusType=","After 2 retries: Selector 'button[name='butReOpen']' not found in any frame after 30000ms"
19670,"https://app.pestpac.com/leads/detail.asp?Mode=Edit&SalesOppID=113826&StatusType=","After 2 retries: Selector 'button[name='butReOpen']' not found in any frame after 30000ms"
19726,"https://app.pestpac.com/leads/detail.asp?Mode=Edit&SalesOppID=107255&StatusType=","After 2 retries: Selector 'button[name='butReOpen']' not found in any frame after 30000ms"
19727,"https://app.pestpac.com/leads/detail.asp?Mode=Edit&SalesOppID=93463&StatusType=","After 2 retries: Selector 'button[name='butReOpen']' not found in any frame after 30000ms"
19741,"https://app.pestpac.com/leads/detail.asp?Mode=Edit&SalesOppID=106035&StatusType=","After 2 retries: Selector 'button[name='butReOpen']' not found in any frame after 30000ms"
19874,"https://app.pestpac.com/leads/detail.asp?Mode=Edit&SalesOppID=98297&StatusType=","After 2 retries: Selector 'button[name='butReOpen']' not found in any frame after 30000ms"
20018,"https://app.pestpac.com/leads/detail.asp?Mode=Edit&SalesOppID=97217&StatusType=","After 2 retries: Selector 'button[name='butReOpen']' not found in any frame after 30000ms"
20044,"https://app.pestpac.com/leads/detail.asp?Mode=Edit&SalesOppID=101459&StatusType=","After 2 retries: Selector 'button[name='butReOpen']' not found in any frame after 30000ms"
20046,"https://app.pestpac.com/leads/detail.asp?Mode=Edit&SalesOppID=101461&StatusType=","After 2 retries: Selector 'button[name='butReOpen']' not found in any frame after 30000ms"
20081,"https://app.pestpac.com/leads/detail.asp?Mode=Edit&SalesOppID=100746&StatusType=","After 2 retries: Selector 'button[name='butReOpen']' not found in any frame after 30000ms"
20084,"https://app.pestpac.com/leads/detail.asp?Mode=Edit&SalesOppID=100883&StatusType=","After 2 retries: Selector 'button[name='butReOpen']' not found in any frame after 30000ms"
20089,"https://app.pestpac.com/leads/detail.asp?Mode=Edit&SalesOppID=99897&StatusType=","After 2 retries: Selector 'button[name='butReOpen']' not found in any frame after 30000ms"
20251,"https://app.pestpac.com/leads/detail.asp?Mode=Edit&SalesOppID=121269&StatusType=","After 2 retries: Selector 'button[name='butReOpen']' not found in any frame after 30000ms"
20253,"https://app.pestpac.com/leads/detail.asp?Mode=Edit&SalesOppID=121271&StatusType=","After 2 retries: Selector 'button[name='butReOpen']' not found in any frame after 30000ms"
20254,"https://app.pestpac.com/leads/detail.asp?Mode=Edit&SalesOppID=121272&StatusType=","After 2 retries: Selector 'button[name='butReOpen']' not found in any frame after 30000ms"
20255,"https://app.pestpac.com/leads/detail.asp?Mode=Edit&SalesOppID=121273&StatusType=","After 2 retries: Selector 'button[name='butReOpen']' not found in any frame after 30000ms"
20256,"https://app.pestpac.com/leads/detail.asp?Mode=Edit&SalesOppID=121274&StatusType=","After 2 retries: Selector 'button[name='butReOpen']' not found in any frame after 30000ms"
20257,"https://app.pestpac.com/leads/detail.asp?Mode=Edit&SalesOppID=121275&StatusType=","After 2 retries: Selector 'button[name='butReOpen']' not found in any frame after 30000ms"
20258,"https://app.pestpac.com/leads/detail.asp?Mode=Edit&SalesOppID=121276&StatusType=","After 2 retries: Selector 'button[name='butReOpen']' not found in any frame after 30000ms"
20259,"https://app.pestpac.com/leads/detail.asp?Mode=Edit&SalesOppID=121277&StatusType=","After 2 retries: Selector 'button[name='butReOpen']' not found in any frame after 30000ms"
20260,"https://app.pestpac.com/leads/detail.asp?Mode=Edit&SalesOppID=121278&StatusType=","After 2 retries: Selector 'button[name='butReOpen']' not found in any frame after 30000ms"
20281,"https://app.pestpac.com/leads/detail.asp?Mode=Edit&SalesOppID=121299&StatusType=","After 2 retries: Selector 'button[name='butReOpen']' not found in any frame after 30000ms"
20283,"https://app.pestpac.com/leads/detail.asp?Mode=Edit&SalesOppID=121301&StatusType=","After 2 retries: Selector 'button[name='butReOpen']' not found in any frame after 30000ms"
20284,"https://app.pestpac.com/leads/detail.asp?Mode=Edit&SalesOppID=121302&StatusType=","After 2 retries: Selector 'button[name='butReOpen']' not found in any frame after 30000ms"
20285,"https://app.pestpac.com/leads/detail.asp?Mode=Edit&SalesOppID=121303&StatusType=","After 2 retries: Selector 'button[name='butReOpen']' not found in any frame after 30000ms"
20286,"https://app.pestpac.com/leads/detail.asp?Mode=Edit&SalesOppID=121304&StatusType=","After 2 retries: Selector 'button[name='butReOpen']' not found in any frame after 30000ms"
20287,"https://app.pestpac.com/leads/detail.asp?Mode=Edit&SalesOppID=121305&StatusType=","After 2 retries: Selector 'button[name='butReOpen']' not found in any frame after 30000ms"
20288,"https://app.pestpac.com/leads/detail.asp?Mode=Edit&SalesOppID=121306&StatusType=","After 2 retries: Selector 'button[name='butReOpen']' not found in any frame after 30000ms"
20289,"https://app.pestpac.com/leads/detail.asp?Mode=Edit&SalesOppID=121307&StatusType=","After 2 retries: Selector 'button[name='butReOpen']' not found in any frame after 30000ms"
20290,"https://app.pestpac.com/leads/detail.asp?Mode=Edit&SalesOppID=121308&StatusType=","After 2 retries: Selector 'button[name='butReOpen']' not found in any frame after 30000ms"
20531,"https://app.pestpac.com/leads/detail.asp?Mode=Edit&SalesOppID=121549&StatusType=","After 2 retries: Selector 'button[name='butReOpen']' not found in any frame after 30000ms"
20551,"https://app.pestpac.com/leads/detail.asp?Mode=Edit&SalesOppID=121569&StatusType=","After 2 retries: Selector 'button[name='butReOpen']' not found in any frame after 30000ms"
20558,"https://app.pestpac.com/leads/detail.asp?Mode=Edit&SalesOppID=121576&StatusType=","After 2 retries: Selector 'button[name='butReOpen']' not found in any frame after 30000ms"
20559,"https://app.pestpac.com/leads/detail.asp?Mode=Edit&SalesOppID=121577&StatusType=","After 2 retries: Selector 'button[name='butReOpen']' not found in any frame after 30000ms"
20768,"https://app.pestpac.com/leads/detail.asp?Mode=Edit&SalesOppID=111934&StatusType=","After 2 retries: Selector 'button[name='butReOpen']' not found in any frame after 30000ms"
21051,"https://app.pestpac.com/leads/detail.asp?Mode=Edit&SalesOppID=73562&StatusType=","After 2 retries: Selector 'button[name='butReOpen']' not found in any frame after 30000ms"
21052,"https://app.pestpac.com/leads/detail.asp?Mode=Edit&SalesOppID=73529&StatusType=","After 2 retries: Selector 'button[name='butReOpen']' not found in any frame after 30000ms"
21053,"https://app.pestpac.com/leads/detail.asp?Mode=Edit&SalesOppID=71928&StatusType=","After 2 retries: Selector 'button[name='butReOpen']' not found in any frame after 30000ms"
21054,"https://app.pestpac.com/leads/detail.asp?Mode=Edit&SalesOppID=71891&StatusType=","After 2 retries: Selector 'button[name='butReOpen']' not found in any frame after 30000ms"
21055,"https://app.pestpac.com/leads/detail.asp?Mode=Edit&SalesOppID=72382&StatusType=","After 2 retries: Selector 'button[name='butReOpen']' not found in any frame after 30000ms"
21059,"https://app.pestpac.com/leads/detail.asp?Mode=Edit&SalesOppID=73248&StatusType=","After 2 retries: Selector 'button[name='butReOpen']' not found in any frame after 30000ms"
21101,"https://app.pestpac.com/leads/detail.asp?Mode=Edit&SalesOppID=76906&StatusType=","After 2 retries: Selector 'button[name='butReOpen']' not found in any frame after 30000ms"
21108,"https://app.pestpac.com/leads/detail.asp?Mode=Edit&SalesOppID=112559&StatusType=","After 2 retries: Selector 'button[name='butReOpen']' not found in any frame after 30000ms"
21128,"https://app.pestpac.com/leads/detail.asp?Mode=Edit&SalesOppID=94288&StatusType=","After 2 retries: Selector 'button[name='butReOpen']' not found in any frame after 30000ms"
21178,"https://app.pestpac.com/leads/detail.asp?Mode=Edit&SalesOppID=110801&StatusType=","After 2 retries: Selector 'button[name='butReOpen']' not found in any frame after 30000ms"
21181,"https://app.pestpac.com/leads/detail.asp?Mode=Edit&SalesOppID=109098&StatusType=","After 2 retries: Selector 'button[name='butReOpen']' not found in any frame after 30000ms"
21182,"https://app.pestpac.com/leads/detail.asp?Mode=Edit&SalesOppID=108402&StatusType=","After 2 retries: Selector 'button[name='butReOpen']' not found in any frame after 30000ms"
21183,"https://app.pestpac.com/leads/detail.asp?Mode=Edit&SalesOppID=106441&StatusType=","After 2 retries: Selector 'button[name='butReOpen']' not found in any frame after 30000ms"